policyId,PolicyDurationMonths,PremiumAmount,CoverageAmount,PreviousClaimsTotal,ClaimFrequencyLastYear
1,44,1304.58,53203.31,2,2
2,57,2405.58,89145.62,3,0
3,34,927.09,35307.49,4,1
4,20,2723.07,122440.04,0,0
5,48,2291.37,60719.35,3,2
6,13,2753.33,81113.59,2,0
7,26,1914.36,63476.1,8,2
8,44,1695.39,54177.3,3,1
9,24,2571.28,65395.19,2,1
10,28,1084.37,29099.56,3,0
11,16,780.02,30123.76,2,1
12,16,1996.53,85025.06,5,0
13,29,1727.28,60946.36,2,1
14,58,2387.68,85440.43,6,3
15,41,2764.09,83204.15,2,0
16,45,2373.11,95772.85,5,3
17,29,2708.33,108430.5,4,1
18,8,2224.74,81797.59,3,1
19,27,2346.22,68634.56,1,0
20,58,1918.34,51680.78,6,4
21,7,2325.53,61126.07,1,1
22,29,2116.66,78007.11,3,1
23,49,2227.62,92447.96,4,1
24,35,1883.29,79412.09,3,2
25,43,2566.25,87951.67,3,3
26,7,1502.68,61137.31,3,1
27,26,1987.16,87310.86,7,5
28,38,2918.25,89016.51,3,1
29,17,1335.89,44030.03,2,1
30,27,486.71,21234.87,1,1
31,49,2256.52,71677.5,8,5
32,30,1820.13,78770.8,3,2
33,54,2707.6,120815.7,2,2
34,32,1908.64,72979.15,3,1
35,47,1576.96,65188.18,5,2
36,33,1946.93,77859.42,5,4
37,21,2765.15,107815.02,6,1
38,20,2402.76,74818.59,4,3
39,52,300.0,10000.0,1,1
40,56,2130.04,67865.19,6,3
41,49,2165.03,83004.61,0,0
42,60,1987.23,53755.6,3,1
43,57,1572.38,39684.22,0,0
44,8,2836.17,78828.14,4,0
45,42,2870.82,112865.63,3,2
46,56,457.79,20351.35,3,0
47,12,1441.43,64376.06,2,2
48,26,1898.69,66225.46,6,5
49,14,2663.96,112917.21,4,2
50,44,2024.4,80442.51,3,1
51,23,1521.48,53283.61,3,1
52,9,2496.67,91016.76,1,1
53,30,1852.06,51384.69,2,1
54,19,1917.82,83910.79,5,1
55,55,1980.99,63468.11,3,2
56,14,2402.02,81483.55,3,1
57,31,1784.02,68565.42,10,5
58,58,2480.86,78588.89,2,0
59,7,1948.85,58631.56,8,3
60,25,1253.09,47142.42,6,2
61,33,1974.26,50342.91,3,0
62,52,1289.35,50819.11,4,2
63,12,2028.69,71573.16,6,5
64,49,2580.63,95780.34,2,1
65,13,1248.46,46989.03,5,2
66,52,2254.99,80144.66,6,3
67,40,1419.67,52032.0,2,1
68,19,2141.19,82812.17,4,0
69,22,2602.14,104248.03,3,1
70,41,509.34,20143.95,5,0
71,55,1219.87,51713.0,7,1
72,45,1741.71,50141.99,2,1
73,9,2220.53,73328.42,5,3
74,7,1883.53,82792.37,3,2
75,11,1967.88,64805.97,5,3
76,59,3430.09,94318.54,4,2
77,47,1151.28,40880.69,1,1
78,9,2794.84,75991.18,3,1
79,59,1755.02,50995.59,1,1
80,34,2384.63,107228.27,5,0
81,23,3490.26,125046.52,2,0
82,31,2482.07,76152.95,1,1
83,49,2260.75,101497.36,4,3
84,39,3119.39,138286.04,5,2
85,15,2787.36,94253.94,3,0
86,41,1440.42,43512.42,3,1
87,19,2206.17,92147.18,5,2
88,36,797.75,31361.6,3,0
89,53,1621.89,62830.22,2,1
90,20,2219.84,95147.27,0,0
91,13,1578.53,61228.42,2,0
92,19,2191.36,67221.97,3,0
93,28,1990.63,77390.28,0,0
94,45,2375.49,73916.44,5,2
95,26,1703.06,68437.12,3,2
96,21,1341.9,50180.13,2,0
97,50,3034.69,80565.62,2,2
98,23,1653.01,58279.77,4,2
99,52,2462.01,78454.38,3,0
100,58,3004.67,94861.77,4,2
101,29,2113.87,78308.54,0,0
102,31,1400.59,44043.5,2,1
103,30,1874.97,76007.42,4,2
104,50,2712.28,71647.09,0,0
105,46,2144.37,81931.71,4,1
106,34,1156.4,47625.09,0,0
107,20,2417.65,92974.71,3,2
108,50,2538.67,88712.84,4,1
109,6,1751.28,77067.15,4,2
110,30,2427.17,75239.32,1,0
111,12,2171.51,55120.29,2,1
112,14,1861.8,62630.53,3,3
113,29,1094.52,28085.77,4,1
114,6,2754.57,121417.86,4,2
115,49,2531.45,73914.12,3,2
116,13,2408.72,98224.1,4,1
117,29,3081.17,124760.94,2,1
118,16,2661.64,78131.19,1,0
119,56,2480.6,92835.15,2,0
120,22,450.74,11701.94,6,0
121,13,2837.83,98391.68,4,3
122,40,2058.16,52056.83,4,2
123,40,2218.74,96344.26,7,3
124,38,2223.53,98995.53,4,1
125,10,2541.68,74841.52,4,1
126,47,2785.52,81231.74,5,5
127,44,2443.97,97940.59,5,2
128,46,2332.7,70138.66,1,1
129,33,2162.06,92755.64,1,0
130,12,300.0,10943.57,4,2
131,14,1798.69,57585.94,5,2
132,13,1340.89,55853.15,8,5
133,17,2847.52,99287.63,1,0
134,39,2433.33,105199.15,2,0
135,38,1679.3,73150.97,7,1
136,53,1749.6,49528.32,0,0
137,60,1724.21,43185.45,2,1
138,28,1711.72,76477.36,2,2
139,29,988.81,42640.2,6,1
140,42,837.1,21855.88,4,2
141,40,2020.33,84168.45,2,0
142,49,2752.72,94022.17,2,1
143,45,1623.62,48999.52,1,1
144,27,2212.41,94193.26,5,2
145,32,2513.98,72737.93,3,0
146,40,1304.64,57333.5,3,1
147,6,1986.02,57817.79,2,0
148,40,1533.44,57156.77,5,1
149,42,3124.28,92046.79,3,1
150,52,3093.72,111105.98,5,3
151,19,1305.36,50490.68,6,4
152,8,2270.12,65389.78,1,0
153,6,2747.32,97303.78,2,2
154,10,2593.83,89179.0,1,0
155,31,2057.09,54349.97,5,2
156,60,2914.59,120565.39,3,0
157,19,1366.84,43347.47,4,0
158,44,1787.83,65241.04,4,1
159,32,1385.65,48907.48,3,2
160,14,2547.75,89846.78,3,1
161,20,1592.15,43218.15,5,2
162,20,1880.13,62927.13,1,0
163,31,2432.37,82815.69,3,3
164,47,2488.77,98736.81,4,1
165,18,1365.01,57058.0,4,3
166,56,2739.66,98352.78,2,1
167,37,2318.98,61999.53,3,2
168,44,1242.81,36957.37,5,5
169,54,1070.6,30296.54,1,0
170,57,1988.93,54680.16,4,2
171,37,2595.07,83867.3,6,2
172,9,2613.0,77313.14,1,0
173,35,2249.32,66053.58,5,3
174,42,2034.07,53076.81,3,1
175,28,2358.22,59788.8,2,2
176,44,1401.27,37911.83,3,2
177,50,3180.89,90477.12,2,2
178,20,3171.76,106633.43,6,3
179,48,2300.17,80989.87,5,0
180,34,2138.11,59464.78,6,3
181,41,1712.01,57344.76,0,0
182,18,2370.12,75452.85,0,0
183,37,1516.08,43463.64,2,1
184,12,443.47,11147.46,4,3
185,56,300.0,10302.11,1,0
186,27,1440.35,55760.37,1,0
187,33,2109.46,62283.1,6,3
188,7,2232.38,61694.36,2,1
189,47,1659.27,70918.62,4,3
190,50,2099.28,64029.22,4,2
191,58,1808.04,53287.02,3,1
192,11,1300.48,54804.79,5,3
193,33,1962.38,81128.94,3,0
194,33,2569.07,87263.42,1,0
195,49,1332.16,46338.78,1,1
196,49,1332.48,39114.82,4,1
197,25,1251.52,33248.04,5,1
198,35,644.44,23501.73,8,4
199,16,1663.86,44869.1,2,1
200,60,2499.86,84958.98,7,2
201,33,2121.74,92953.37,3,2
202,30,1881.52,82893.73,4,2
203,44,2090.35,62264.38,8,3
204,38,1657.71,62134.84,5,2
205,6,636.48,21946.78,10,5
206,32,2548.6,108350.56,4,2
207,57,2749.79,83672.22,6,2
208,18,1490.29,37367.61,4,1
209,46,1894.42,53519.54,6,3
210,8,1834.1,58673.71,1,0
211,44,2245.9,70329.13,6,5
212,11,3182.93,129950.12,4,4
213,13,2811.85,108569.09,3,1
214,32,1736.16,53805.56,1,0
215,14,2379.72,81279.2,3,2
216,42,2878.05,77451.72,6,3
217,38,2285.84,98206.45,3,2
218,56,1996.71,87273.21,3,0
219,47,2312.2,103115.04,2,0
220,49,1507.71,63883.26,6,3
221,29,1609.9,45848.78,3,1
222,20,1255.18,32539.1,4,2
223,59,2214.95,81049.13,3,0
224,37,1908.02,82525.78,4,2
225,37,1423.82,40645.75,3,2
226,29,1885.07,47392.39,3,1
227,46,2329.0,95744.96,7,5
228,57,3340.3,88637.88,2,2
229,54,2708.45,90121.21,2,2
230,54,401.1,15473.4,4,2
231,57,2167.52,64453.15,7,3
232,17,3000.53,80051.81,3,1
233,44,1063.49,42965.39,2,0
234,7,2386.09,89725.4,6,2
235,8,1834.35,82123.52,2,0
236,54,2805.2,89447.17,5,2
237,42,2282.98,59894.55,5,3
238,54,1381.19,54815.26,3,1
239,22,1859.4,65887.36,1,1
240,54,1900.81,55625.54,4,1
241,7,1913.78,77765.45,3,2
242,7,2783.48,80930.1,2,1
243,33,1410.17,42605.68,2,1
244,59,2702.14,72553.89,4,0
245,28,1788.43,58997.73,2,1
246,42,2156.46,71979.51,2,0
247,37,2050.66,72370.48,3,3
248,38,1984.74,77760.55,4,2
249,6,1990.48,85833.43,0,0
250,24,3020.15,83823.33,4,0
251,7,2589.71,67557.8,1,0
252,58,1746.1,44299.62,5,0
253,49,3107.95,86626.14,5,3
254,31,2192.28,83655.07,5,3
255,37,2250.34,88999.8,7,3
256,11,1413.88,57587.36,2,2
257,37,1651.75,49344.68,2,1
258,60,1518.05,47238.45,6,1
259,9,2060.25,71413.85,3,2
260,60,2447.15,64271.07,1,0
261,16,2257.06,84014.26,4,3
262,22,3111.63,139011.18,3,2
263,43,1378.57,44412.17,3,2
264,29,2080.41,83334.81,2,1
265,10,1101.94,38568.73,6,3
266,57,1354.69,37330.17,5,2
267,39,2885.2,105727.61,3,2
268,11,1675.78,51945.11,3,1
269,27,1437.65,36930.33,3,0
270,16,509.02,19189.19,4,1
271,53,1430.65,60342.95,1,0
272,21,1856.3,59207.54,3,1
273,38,1049.82,34440.23,4,1
274,14,1816.05,77764.12,5,0
275,11,2889.44,119253.55,3,1
276,21,1504.89,59140.61,7,2
277,34,1339.63,40156.73,3,1
278,8,1213.27,52418.48,4,0
279,25,1200.77,33727.47,3,1
280,41,2374.9,89143.0,5,3
281,24,2034.07,52023.37,1,0
282,31,2669.8,101117.06,4,2
283,8,3413.89,104269.95,3,2
284,24,718.73,24432.05,3,2
285,25,2266.06,72299.15,0,0
286,37,1216.97,34628.95,6,4
287,12,2552.23,95554.49,5,0
288,57,1809.66,77163.09,5,2
289,46,2019.13,89208.39,1,0
290,38,1101.78,31782.85,5,3
291,45,1701.5,66949.74,9,7
292,44,2062.76,78976.59,4,2
293,23,2949.25,93985.54,6,3
294,45,1443.81,36646.7,8,2
295,6,1614.52,62636.48,3,0
296,16,2661.0,116844.36,4,1
297,33,1398.46,52641.46,3,0
298,30,2799.67,94365.26,2,1
299,55,1993.64,70780.33,3,1
300,28,2212.19,64136.97,2,0
301,36,2257.27,90315.19,3,3
302,35,1568.65,62633.5,3,1
303,47,2272.92,63438.01,6,3
304,40,1459.34,62108.93,5,3
305,12,1648.53,50088.53,2,1
306,21,2391.08,106750.22,5,3
307,31,2205.38,72023.29,3,2
308,53,1947.52,55616.78,4,2
309,57,1118.89,35842.9,2,2
310,54,1293.59,43727.98,2,2
311,7,2193.7,57883.21,6,2
312,6,2512.5,91867.91,6,3
313,53,1223.25,45202.26,1,1
314,17,1412.12,56172.26,2,2
315,10,2093.93,53569.83,5,2
316,42,2078.95,74477.95,4,2
317,37,863.23,22494.17,6,2
318,60,2113.09,82459.03,5,1
319,14,1581.14,41290.84,1,0
320,46,3148.73,136134.06,2,2
321,40,2174.44,84893.69,3,0
322,24,2295.03,80665.29,5,2
323,53,2313.15,78254.1,3,2
324,21,1150.25,31762.4,2,1
325,8,3360.71,103577.16,6,2
326,25,863.96,36614.01,4,2
327,29,2556.99,110178.38,1,0
328,59,2433.06,60863.0,1,0
329,38,1666.1,61450.25,4,3
330,29,2466.52,97146.2,6,3
331,57,1777.7,66441.38,1,0
332,16,1527.18,40674.21,4,2
333,54,2328.69,68357.57,3,1
334,13,1295.41,38871.03,3,2
335,41,1843.02,76733.26,3,1
336,43,1584.08,54276.77,1,0
337,45,1764.81,61303.59,1,1
338,25,2302.91,100632.24,1,1
339,40,1583.94,59780.75,5,0
340,53,1865.37,80161.35,2,1
341,30,1647.8,56239.65,1,1
342,40,3010.8,84268.39,6,1
343,30,2239.83,97653.65,2,0
344,34,2154.05,73612.68,4,2
345,23,2478.39,70962.9,4,1
346,51,1584.11,49183.18,3,1
347,23,2601.48,67680.24,0,0
348,7,2242.32,77059.75,4,3
349,59,907.38,38166.58,5,3
350,40,1000.38,43688.14,2,2
351,21,1599.39,69816.73,2,2
352,46,1075.3,29575.57,2,2
353,41,1833.21,59837.79,1,0
354,38,1290.38,32988.1,3,1
355,9,1931.59,81326.49,3,1
356,38,2988.2,96145.57,2,1
357,19,1965.44,73944.31,2,2
358,26,1787.92,70261.82,3,0
359,53,2271.77,76324.41,5,2
360,25,1512.51,47082.57,4,1
361,13,2590.39,114609.88,1,0
362,12,2346.65,103932.53,4,2
363,8,2027.21,62415.09,2,1
364,22,2108.02,72921.72,4,2
365,38,3429.22,152452.53,3,1
366,53,2659.62,66749.43,3,2
367,17,3539.67,117706.6,2,2
368,56,2372.42,64077.08,0,0
369,27,969.82,34121.19,3,0
370,60,1816.48,46308.21,3,1
371,27,809.86,26837.0,2,2
372,51,2369.81,69705.61,3,2
373,35,2521.78,89942.33,0,0
374,43,1379.86,61983.08,1,0
375,43,1541.05,63199.76,3,1
376,50,2104.13,88189.88,1,0
377,56,1161.33,43788.19,3,0
378,59,1108.79,28641.33,4,1
379,13,2867.04,83534.02,4,1
380,32,2080.3,90495.62,2,1
381,32,1609.32,52016.97,5,3
382,39,815.52,22078.27,2,0
383,26,2596.65,101394.11,3,2
384,35,1520.84,47129.46,5,4
385,38,3302.48,100319.86,0,0
386,33,2601.52,116963.03,1,0
387,52,1434.3,60474.1,1,1
388,38,1499.17,49710.61,2,1
389,10,3205.3,142972.94,2,2
390,53,1941.02,73763.09,4,1
391,24,1640.68,65365.51,4,1
392,9,2019.41,51757.88,4,1
393,40,1637.46,44919.01,4,3
394,54,2168.73,81678.21,2,2
395,22,1946.92,83679.7,5,3
396,49,2612.86,97916.44,3,1
397,33,1728.0,47831.85,1,0
398,35,1380.63,37712.15,5,3
399,34,1755.71,73535.69,1,0
400,51,1751.44,48665.63,6,0
401,58,1945.73,68887.74,2,2
402,11,2444.18,62918.69,0,0
403,40,2405.94,64030.13,2,1
404,46,2839.76,109180.2,5,2
405,42,1431.96,55536.5,3,2
406,29,2272.1,72319.68,4,2
407,34,2509.12,73547.93,4,1
408,54,1528.05,63068.87,5,4
409,51,1854.66,54419.5,4,2
410,58,775.02,27776.97,3,2
411,36,2634.8,116890.75,4,2
412,40,1849.15,51696.81,5,0
413,38,2564.59,112374.2,2,2
414,57,2144.23,61449.18,2,0
415,26,1870.38,67986.35,4,1
416,37,885.04,28799.27,2,2
417,28,1009.53,44720.88,1,0
418,38,300.0,10000.0,4,0
419,8,1606.17,52992.64,2,1
420,23,3594.77,160532.55,4,2
421,30,1098.44,39246.5,5,2
422,47,300.0,10515.78,3,2
423,36,2673.87,80632.02,2,1
424,59,3654.6,142629.16,1,0
425,8,2208.54,55848.48,1,0
426,45,2202.11,57233.46,5,3
427,51,1783.08,65951.18,3,1
428,29,744.02,23684.75,1,1
429,55,984.5,43383.37,4,1
430,37,1778.27,76579.2,6,2
431,52,1644.08,64569.85,6,4
432,27,1919.38,79391.1,1,0
433,28,2580.53,98954.55,2,2
434,7,1592.71,43818.16,3,2
435,32,2594.8,104598.71,7,2
436,47,1597.3,46647.21,3,2
437,7,2726.77,85808.26,4,2
438,31,2060.46,85271.37,4,2
439,22,1694.92,60560.32,5,4
440,45,2048.51,86444.52,4,1
441,38,1794.52,52509.01,4,1
442,14,2079.19,77253.63,6,3
443,48,2530.67,67507.81,5,3
444,59,1938.95,73410.98,8,3
445,53,1741.3,70088.58,5,3
446,44,1213.54,44535.19,3,2
447,34,2405.42,72943.61,0,0
448,47,2243.79,57501.29,1,0
449,60,1172.64,32117.41,4,2
450,31,2584.85,96792.3,3,2
451,40,1161.27,50734.08,5,2
452,55,2720.46,79248.73,0,0
453,30,2481.5,98517.02,3,2
454,29,2293.77,97092.86,3,2
455,18,1736.1,61488.69,2,1
456,12,2403.05,92241.67,4,2
457,41,2753.46,113718.76,3,1
458,50,2414.65,72954.92,2,1
459,25,1530.82,47360.53,2,1
460,6,2187.18,54707.07,2,1
461,13,2792.42,123597.97,3,2
462,51,3539.37,153434.81,2,1
463,21,1856.35,74794.91,4,0
464,19,2600.52,69125.73,3,3
465,17,2794.14,94861.09,5,4
466,56,1431.32,38699.7,2,0
467,28,3247.45,82220.38,4,2
468,20,1254.37,46817.71,2,1
469,33,2566.29,113472.58,4,1
470,39,2213.72,95317.11,3,2
471,7,2038.9,79384.88,5,2
472,37,3782.78,101880.99,1,0
473,28,1789.12,54538.29,1,1
474,27,1777.86,55826.76,3,1
475,56,2932.04,118052.54,5,1
476,30,2533.26,103977.72,7,2
477,27,2897.47,94753.39,4,2
478,27,2081.81,69444.3,4,2
479,54,2221.86,57524.35,1,1
480,57,3330.65,102526.67,3,3
481,47,1414.83,48140.66,7,4
482,11,1927.99,52710.49,5,2
483,20,2558.78,87165.66,4,2
484,59,1862.9,78360.02,1,0
485,48,1600.9,58635.16,5,2
486,42,2432.94,64664.11,5,3
487,38,2935.06,84627.95,4,1
488,13,1901.42,65581.52,2,1
489,58,1881.99,60655.97,5,2
490,49,1546.62,49761.74,4,0
491,49,1792.82,63797.99,4,2
492,10,2758.52,101204.51,2,1
493,44,2056.74,84197.41,2,1
494,9,1436.51,45708.68,1,1
495,11,2183.65,89768.53,4,1
496,50,2735.84,86923.59,5,0
497,37,1606.68,41948.26,5,2
498,57,1069.98,38608.76,0,0
499,35,3533.58,129887.41,0,0
500,52,1035.03,45221.27,5,2
501,40,1748.68,69110.14,6,4
502,60,2162.49,93755.73,0,0
503,45,1809.3,78101.98,2,1
504,57,1947.56,72237.98,3,2
505,21,2403.79,85467.22,4,1
506,18,325.79,11777.1,6,1
507,55,1113.17,49610.39,3,0
508,47,2030.98,82180.33,4,1
509,35,1717.05,46575.48,1,0
510,24,2090.59,84812.16,1,0
511,22,2159.36,61348.98,4,2
512,24,518.86,17613.61,1,0
513,33,2891.55,84459.79,3,1
514,60,1651.21,64053.28,5,3
515,31,1394.14,59315.38,5,4
516,42,2145.85,66107.67,6,1
517,31,2075.01,55278.77,2,1
518,58,2837.68,87882.67,3,2
519,28,2190.31,84211.41,4,0
520,14,2810.68,88747.71,3,2
521,17,1343.28,41053.52,4,4
522,58,2099.3,60226.27,3,2
523,6,1219.68,42628.1,4,1
524,6,2068.37,63124.63,5,0
525,52,1920.0,76070.74,11,6
526,39,1889.89,50143.46,3,1
527,37,1896.03,72581.31,5,1
528,59,2515.47,74838.33,5,4
529,53,874.85,30432.11,4,1
530,30,1370.15,42093.43,4,1
531,45,1971.6,77790.2,2,0
532,50,1174.94,51586.9,4,2
533,58,2032.28,88082.13,2,1
534,6,1964.4,72031.77,7,3
535,21,1017.37,34847.18,6,3
536,44,982.78,40653.87,3,2
537,10,300.0,11599.96,2,0
538,27,1145.53,32843.84,2,1
539,34,2010.03,83252.04,1,0
540,60,2109.33,70826.47,6,6
541,8,2141.33,61626.85,5,3
542,17,1455.46,44589.3,3,2
543,31,1987.19,60312.22,5,4
544,21,2278.07,80607.59,0,0
545,56,1112.38,33023.53,1,0
546,42,2086.33,57314.27,2,2
547,27,2459.54,67572.87,5,2
548,34,1656.46,60734.96,4,2
549,19,2743.56,108906.28,0,0
550,33,1672.8,52577.08,3,2
551,10,1397.96,35917.74,5,3
552,52,2389.79,65825.53,3,1
553,54,3423.31,148208.22,7,5
554,35,2059.75,71825.2,5,0
555,51,2444.44,83285.48,5,2
556,57,1643.9,42348.43,3,0
557,10,1130.87,44751.57,6,1
558,17,2116.39,75261.57,1,0
559,21,2227.08,64678.01,1,1
560,31,1749.46,47587.95,4,4
561,31,2441.74,79766.16,8,2
562,53,1542.14,64374.09,3,2
563,26,1368.54,57897.29,6,5
564,44,2742.45,101626.77,4,2
565,41,2745.74,108596.15,2,0
566,38,1555.96,42482.55,3,1
567,35,3203.2,117757.54,8,5
568,42,1799.03,68973.4,4,1
569,28,2059.35,59750.45,2,1
570,15,1940.74,82681.67,3,2
571,59,2366.63,68395.51,5,2
572,10,2190.0,68480.15,3,2
573,41,2180.57,81577.73,1,0
574,39,1286.31,48579.95,6,4
575,57,818.01,31892.18,4,0
576,36,2799.51,76259.36,4,2
577,15,1618.19,67946.55,2,2
578,24,1965.68,70090.02,7,3
579,37,2228.76,76728.24,6,2
580,6,3140.31,140126.62,5,3
581,10,2112.95,84111.42,1,0
582,50,1723.64,47159.04,8,2
583,9,1633.52,65554.39,6,3
584,21,1973.85,53106.4,2,2
585,29,1363.44,34835.21,2,0
586,21,2020.21,66813.53,3,1
587,60,1963.59,88109.18,3,1
588,7,3149.07,89741.15,4,1
589,54,1941.48,74655.48,7,4
590,33,652.86,18585.52,3,2
591,37,3871.46,152906.08,5,2
592,32,2669.78,93728.29,2,1
593,25,3457.64,133463.11,4,1
594,29,1189.88,34574.78,2,1
595,17,1844.72,73627.56,4,4
596,55,2472.08,111027.04,4,1
597,40,2375.47,91011.56,2,1
598,38,2214.86,77231.16,9,4
599,38,460.27,20005.04,2,2
600,56,801.29,20286.35,4,1
601,48,3062.26,121260.97,7,4
602,42,3186.73,136312.18,2,0
603,17,1925.34,50508.5,3,1
604,8,2973.3,101095.99,4,2
605,6,1283.74,37349.65,4,2
606,38,1443.9,52457.48,3,2
607,45,1228.4,46668.11,2,1
608,15,1405.06,43630.46,5,1
609,48,2505.89,85700.42,0,0
610,49,1396.35,42709.97,5,1
611,34,3567.82,115553.93,4,1
612,18,2322.05,65460.43,4,3
613,17,2759.17,117847.39,2,1
614,36,2342.96,59043.04,6,2
615,51,2849.99,121546.84,5,1
616,7,1392.4,50730.11,3,1
617,56,3012.85,95306.07,3,3
618,55,2098.66,82815.41,1,1
619,40,2846.49,100068.35,0,0
620,28,992.31,34712.99,2,1
621,22,2126.41,57844.36,4,4
622,31,2101.67,68914.34,4,3
623,13,1566.53,46716.07,4,1
624,34,2219.18,56176.22,2,1
625,31,3077.72,99108.87,5,2
626,15,1512.69,40534.8,2,0
627,31,2673.3,80564.12,5,1
628,39,1210.8,32510.49,8,3
629,56,3476.61,93933.98,1,0
630,46,2549.22,73876.98,3,1
631,12,3207.58,144331.52,3,3
632,9,2470.44,61868.98,7,5
633,58,2273.43,85875.27,2,2
634,55,2555.05,71094.03,3,1
635,50,1904.49,82678.65,3,1
636,16,867.52,23312.47,0,0
637,34,2313.18,102014.14,6,3
638,41,1471.15,54753.95,3,1
639,30,1228.84,30752.08,3,2
640,26,2445.41,104859.33,5,2
641,41,1804.62,63945.48,1,1
642,15,2719.39,82270.87,6,2
643,42,1447.74,58409.97,3,2
644,14,1670.42,72718.9,1,1
645,29,2805.21,97267.24,6,1
646,40,2195.89,68755.66,7,2
647,54,965.87,39387.13,2,0
648,40,2180.43,84242.56,1,0
649,53,3036.87,129902.14,2,1
650,41,1665.0,64685.55,0,0
651,23,2418.64,72246.16,4,2
652,54,1405.43,61323.35,6,4
653,44,1904.25,51598.97,3,2
654,37,2762.88,83878.02,5,4
655,29,2153.46,76240.94,4,2
656,28,2902.49,105403.42,8,6
657,37,2297.71,58146.38,0,0
658,42,3553.12,144297.28,1,1
659,17,904.56,29155.93,2,1
660,54,1847.96,61220.06,5,4
661,60,1240.83,51106.4,3,2
662,18,1288.63,41990.73,3,2
663,28,1294.97,33597.38,4,2
664,30,2117.41,60407.1,5,1
665,40,2158.41,95224.9,1,0
666,46,2299.22,60718.03,3,1
667,35,1213.86,38963.16,5,1
668,22,1773.04,62169.23,3,2
669,54,1324.99,46196.72,4,1
670,25,2655.12,66588.21,4,4
671,53,1390.81,48710.79,3,2
672,30,1850.4,60462.7,4,1
673,27,2392.21,106313.81,0,0
674,18,1569.06,44221.1,2,1
675,24,2485.71,79749.4,9,3
676,54,3117.26,104084.02,4,2
677,41,2132.8,69985.36,3,2
678,17,2631.13,100815.91,6,3
679,46,548.61,16079.76,3,1
680,24,1699.66,50006.54,7,4
681,17,2129.43,84291.85,8,4
682,14,1262.92,44209.69,3,2
683,12,2145.35,71446.99,5,3
684,33,2741.96,77827.91,4,3
685,19,684.31,19674.21,2,1
686,36,1167.65,29437.64,3,2
687,57,2129.37,57127.84,3,0
688,24,2322.29,83920.21,6,1
689,52,2516.66,107807.17,2,0
690,21,2077.62,63872.97,3,0
691,58,2323.06,73303.99,3,2
692,10,2632.44,71897.4,3,1
693,40,1709.88,56037.22,4,2
694,17,1573.99,40521.48,5,1
695,30,1882.05,81590.46,8,3
696,57,2139.64,82295.38,5,3
697,26,1539.21,68979.6,6,2
698,41,1724.37,73555.52,3,1
699,58,2278.39,78512.93,1,1
700,28,2110.43,74695.77,1,0
701,21,1870.26,53885.15,4,0
702,44,781.25,26750.67,5,3
703,50,1997.54,86015.38,5,3
704,58,1321.0,34368.48,6,3
705,47,2688.16,113631.49,5,0
706,44,1783.9,56761.68,3,2
707,19,1302.64,56000.72,1,1
708,36,1956.92,85747.52,1,1
709,10,2889.49,111006.39,5,3
710,40,2441.57,93484.04,3,2
711,28,2153.94,73352.68,6,2
712,34,1071.73,44702.86,2,1
713,48,3135.12,138673.43,2,2
714,16,1564.86,63379.43,4,2
715,23,2653.65,99349.25,2,0
716,52,1772.25,65813.88,2,2
717,17,2586.26,108595.31,6,1
718,14,2914.81,104420.44,5,0
719,15,2453.7,100790.96,4,3
720,49,2529.1,88967.88,3,0
721,22,1931.09,50689.03,4,1
722,43,1696.22,55430.79,3,1
723,12,2096.81,71058.38,4,1
724,51,1762.06,49042.26,5,4
725,18,3727.04,100816.23,2,1
726,45,1305.35,46613.1,2,1
727,47,2701.46,72136.73,7,3
728,14,2362.04,73362.3,3,2
729,55,2160.91,86202.91,0,0
730,32,3035.92,134456.79,0,0
731,7,2208.86,86935.18,5,3
732,10,1555.57,69771.0,3,1
733,34,2204.21,85890.97,2,1
734,42,1871.78,57792.72,1,0
735,43,2352.3,90424.86,4,2
736,24,2569.15,100307.73,3,2
737,13,1398.64,45364.19,2,1
738,53,2836.74,71923.37,4,3
739,50,1821.57,71157.81,8,6
740,6,2310.53,58766.02,2,1
741,27,2431.92,91498.02,5,3
742,57,2257.17,63815.51,1,0
743,22,1923.62,69850.77,3,1
744,12,1657.98,58159.11,4,2
745,30,1811.7,45782.25,0,0
746,50,3095.62,99856.4,5,1
747,9,1393.89,51604.48,7,2
748,41,1496.53,62812.54,2,1
749,11,1465.8,62696.25,5,1
750,36,2095.03,72649.27,4,1
751,24,932.71,36905.74,3,0
752,49,1052.51,32974.12,1,0
753,59,1817.33,57870.61,4,3
754,44,1098.56,31736.52,2,0
755,32,1155.61,41878.11,1,0
756,15,1103.81,34539.7,5,3
757,31,1407.37,37559.12,2,0
758,24,2511.87,97209.77,4,2
759,44,2669.0,104504.69,5,4
760,8,3343.3,107653.77,2,1
761,50,3317.65,88032.17,4,1
762,18,2550.42,85505.23,3,3
763,55,2719.37,92041.87,1,0
764,33,2091.77,80268.42,6,3
765,25,2363.91,74009.93,3,2
766,33,3360.52,129890.85,6,2
767,13,2259.85,95884.88,1,0
768,46,2807.27,83515.41,5,1
769,44,1345.95,60000.46,6,4
770,6,1533.63,50191.76,3,1
771,8,2218.45,67319.21,3,0
772,18,2104.95,70369.02,3,2
773,33,1566.05,42107.77,2,1
774,54,3685.16,101394.05,4,1
775,30,2120.82,70599.16,5,3
776,38,1690.09,68024.35,4,0
777,43,2106.13,90576.88,6,4
778,58,2017.8,77274.34,5,0
779,11,2131.46,57771.97,2,2
780,49,884.4,33996.61,5,2
781,50,2904.36,109519.33,1,0
782,37,2944.18,121050.8,6,4
783,50,3029.22,125727.88,2,0
784,52,2227.8,94378.75,3,1
785,26,2463.74,81999.64,5,2
786,21,1393.64,54292.48,0,0
787,59,2583.03,78433.71,3,1
788,26,2176.25,97902.42,1,1
789,16,1677.72,47826.1,3,1
790,42,2605.32,65660.06,4,2
791,41,2632.41,73644.88,3,1
792,40,2042.43,82753.89,0,0
793,24,2306.87,78285.11,1,0
794,25,1277.8,43381.25,6,4
795,23,2870.23,126578.39,3,1
796,52,1370.83,59484.05,4,1
797,46,1506.2,47029.49,2,1
798,54,2043.62,59635.24,1,1
799,19,2780.16,116682.38,4,3
800,20,2779.76,119864.49,3,0
801,36,1996.62,71542.86,3,2
802,6,2541.11,95516.42,5,2
803,58,817.66,24642.84,2,1
804,59,1496.48,61379.54,5,3
805,59,1510.73,56867.75,5,2
806,8,2876.55,100881.35,1,1
807,21,2458.26,64411.69,2,1
808,28,2129.26,92236.64,5,1
809,16,2197.21,81975.94,5,2
810,17,3097.84,89384.45,6,3
811,15,1880.87,69832.58,3,1
812,37,1080.15,41639.1,3,2
813,21,2761.04,98059.34,4,2
814,13,2127.29,83734.36,2,0
815,43,2667.57,97710.64,6,3
816,17,1968.66,86533.43,2,0
817,29,1412.92,36840.32,1,1
818,33,2281.98,61898.38,4,1
819,58,2007.12,57149.67,6,1
820,13,2129.46,82630.32,4,2
821,33,3131.6,118724.94,4,1
822,41,1230.91,52733.56,6,5
823,31,2200.14,87252.28,4,0
824,13,1426.7,50173.0,4,1
825,55,300.0,13450.99,6,1
826,33,1965.72,59605.01,3,1
827,33,2021.72,84232.44,1,1
828,42,2436.47,81708.84,5,2
829,46,1847.72,70166.67,3,2
830,41,957.7,37872.59,1,1
831,32,1424.3,53660.54,4,1
832,59,2921.87,81257.66,6,4
833,22,1414.36,47888.86,4,2
834,14,3108.26,112608.35,3,1
835,38,2734.99,114817.23,2,1
836,58,1777.55,60210.92,4,1
837,25,1489.64,64613.25,2,0
838,18,2733.54,92414.08,3,0
839,33,1831.36,65884.35,8,3
840,53,918.04,37571.64,2,2
841,34,2393.62,87753.41,1,1
842,18,2292.08,101320.13,3,1
843,51,2796.39,106841.05,4,1
844,40,2244.72,79584.6,5,3
845,11,1615.6,41152.23,2,0
846,23,2888.78,96123.01,4,1
847,56,2956.89,91619.25,1,1
848,10,2163.24,86447.81,1,0
849,52,2042.23,59562.63,3,1
850,30,1073.71,31249.7,3,0
851,7,1574.73,45337.12,4,0
852,15,2532.54,69676.0,4,0
853,35,1609.9,50261.42,5,1
854,55,980.21,41873.19,3,2
855,50,4447.11,180101.77,3,1
856,10,975.62,38736.85,5,1
857,60,3579.73,146578.09,2,1
858,38,1784.8,54237.25,2,1
859,59,1940.81,82967.19,3,2
860,6,1529.41,42434.98,2,2
861,23,2547.99,80839.73,3,0
862,37,992.16,36446.89,5,3
863,52,711.77,19259.14,5,3
864,54,3127.12,123842.1,1,0
865,16,1437.22,47061.63,4,1
866,26,2522.26,102626.07,5,4
867,31,1240.18,43230.13,3,1
868,30,2495.89,71426.24,4,1
869,27,3178.48,126170.62,3,1
870,32,1631.02,49000.39,4,1
871,54,646.59,22511.85,1,1
872,18,3182.16,84361.07,3,1
873,38,2648.37,98936.08,4,2
874,39,1668.5,63932.18,2,1
875,46,1847.43,60177.35,2,0
876,40,1222.54,53900.05,2,1
877,6,2994.18,127202.88,4,0
878,26,1625.7,63660.45,0,0
879,53,1006.9,39544.18,3,3
880,60,2149.55,64589.82,4,1
881,11,1397.99,53314.2,1,0
882,33,1278.99,37044.82,4,1
883,22,1698.93,47366.29,4,3
884,10,2060.45,92698.26,4,2
885,36,1033.22,38691.64,2,1
886,10,2969.6,99837.37,4,1
887,43,2474.01,76108.74,1,1
888,8,1744.25,64673.86,3,1
889,58,1367.66,35548.03,3,2
890,28,1937.54,52107.52,7,3
891,42,2629.6,67468.12,3,2
892,58,2521.21,88200.45,4,0
893,42,2740.95,101448.52,6,1
894,15,1663.74,43672.39,3,0
895,15,300.0,11827.35,2,2
896,24,2873.47,85077.35,6,3
897,22,1882.96,72878.24,0,0
898,26,2466.32,110091.28,1,0
899,19,3168.46,123006.33,5,1
900,14,3704.09,158030.61,4,2
901,51,1545.12,67929.83,2,1
902,6,2093.77,72727.21,3,2
903,56,2956.79,115452.12,3,3
904,50,1409.0,59233.69,4,1
905,18,1592.52,51171.2,4,3
906,9,1588.37,48013.25,2,0
907,6,1980.34,87000.1,4,0
908,54,1845.91,72961.7,2,1
909,45,1584.34,46569.62,1,0
910,37,1323.97,44990.7,7,3
911,39,2568.36,105120.42,3,2
912,33,2936.48,105540.85,5,0
913,36,3037.9,115437.3,5,2
914,13,1663.25,66655.29,3,1
915,44,2597.61,97254.89,0,0
916,31,2165.43,77525.76,6,4
917,39,1600.53,64008.86,4,1
918,59,2513.95,99430.0,4,1
919,59,1568.38,58966.95,1,0
920,8,1736.68,55913.66,4,2
921,55,1036.29,34318.0,1,1
922,17,1675.05,74386.7,1,0
923,6,2177.7,59337.43,7,3
924,59,3098.25,94094.28,3,0
925,49,1752.55,61073.04,4,3
926,10,1273.28,53139.89,5,4
927,35,3048.16,86182.14,3,3
928,35,1646.81,50292.18,5,2
929,22,776.13,20424.68,1,0
930,53,2093.17,81884.02,4,3
931,52,1772.66,52761.74,2,1
932,28,3610.28,118321.39,1,0
933,20,2332.76,79019.85,3,3
934,42,1897.56,81265.45,2,1
935,26,1352.85,44950.68,2,0
936,19,2231.12,62258.2,4,4
937,7,3019.7,107157.87,3,1
938,16,2218.27,98178.76,2,0
939,56,1406.8,52267.81,2,2
940,44,2377.16,106182.57,4,0
941,43,1965.98,82221.3,3,2
942,39,2314.03,59515.25,3,1
943,43,1751.63,66856.38,4,1
944,55,1735.19,53331.75,2,0
945,39,1707.55,61800.38,4,3
946,23,2659.57,81347.91,2,0
947,35,1742.24,55712.39,4,1
948,20,1678.19,72939.73,1,0
949,32,1340.55,39054.17,3,2
950,56,2317.81,98465.61,2,1
951,39,2218.19,56806.01,2,1
952,57,1685.86,45210.66,2,2
953,43,1503.43,63284.84,6,3
954,38,3313.32,124617.73,3,1
955,29,683.69,27309.8,7,5
956,20,2345.22,68453.12,2,2
957,35,2903.98,103793.18,4,1
958,60,300.0,11923.32,0,0
959,47,2555.9,95964.47,5,2
960,56,1845.82,63558.98,5,3
961,22,2179.24,96312.91,5,4
962,10,1773.73,68329.79,2,1
963,34,2752.78,118796.07,3,1
964,9,2254.18,89255.32,2,1
965,15,2092.2,83079.89,2,0
966,22,1370.8,36463.72,4,1
967,15,3317.6,106791.34,5,3
968,22,2006.95,84627.91,1,1
969,25,3602.86,106832.4,2,1
970,29,3349.3,91469.74,3,3
971,10,755.15,23804.07,4,1
972,39,1541.54,45334.71,5,1
973,11,1274.13,55432.19,4,1
974,58,1966.26,83289.28,4,4
975,7,2131.01,74572.02,7,4
976,18,2160.95,56674.93,2,0
977,48,2737.89,107575.11,5,1
978,48,3045.51,114109.81,4,3
979,53,2677.24,118899.22,4,1
980,16,1607.35,58152.25,2,1
981,56,1452.58,46087.38,4,2
982,52,2001.93,70829.27,3,1
983,28,2298.28,102469.59,3,1
984,60,1871.77,72862.7,7,1
985,21,1058.16,40675.19,2,1
986,36,2477.44,73861.53,4,2
987,16,1725.38,68794.42,4,2
988,59,1704.24,68178.91,1,0
989,21,1961.77,61493.25,2,1
990,13,1832.07,63525.73,2,0
991,9,1743.45,53858.75,2,1
992,45,1103.91,33309.56,6,1
993,9,1921.43,49030.82,3,2
994,30,2492.07,76517.03,0,0
995,8,2185.25,78842.54,6,2
996,37,2663.69,66677.43,4,2
997,8,1490.02,45690.5,6,4
998,32,1105.36,47119.47,4,2
999,34,1827.91,67400.29,2,1
1000,37,1570.03,58338.17,1,0
1001,55,1642.77,54321.8,4,1
1002,56,2148.22,82769.9,2,1
1003,24,1647.84,47455.68,1,1
1004,26,1124.95,46544.82,7,0
1005,10,1608.7,43971.96,3,1
1006,23,2238.04,85314.2,2,1
1007,33,2470.04,78603.94,6,4
1008,47,2463.0,98397.33,2,2
1009,27,2297.13,82685.9,2,0
1010,26,1882.33,64087.96,3,0
1011,11,2283.44,64823.31,4,2
1012,6,1970.37,74354.54,2,1
1013,10,2079.17,92513.37,2,1
1014,46,1342.47,55728.76,6,4
1015,17,2030.71,53205.0,2,0
1016,31,2265.07,73670.35,8,3
1017,51,2238.79,97413.43,0,0
1018,39,1098.74,38522.67,3,1
1019,54,2067.38,79061.33,5,0
1020,19,989.28,42788.21,6,2
1021,31,2121.57,90115.74,6,2
1022,50,1509.06,52872.18,4,2
1023,32,3193.95,107805.16,4,3
1024,14,2083.47,66241.55,4,4
1025,31,2560.81,100845.88,5,3
1026,52,3477.61,106900.84,7,4
1027,27,1427.82,42831.35,8,5
1028,52,2304.97,74047.23,1,1
1029,35,1169.86,33392.9,6,2
1030,48,2241.43,87196.92,2,0
1031,53,3236.0,120782.96,4,0
1032,22,1560.48,54082.51,3,0
1033,31,1379.83,45267.48,0,0
1034,41,1936.18,83606.59,3,1
1035,6,3432.07,87800.9,1,0
1036,13,2539.73,102559.66,3,0
1037,54,1366.56,58814.26,6,2
1038,40,3018.54,102410.36,4,2
1039,57,841.46,30304.03,3,1
1040,20,3495.59,153418.97,4,1
1041,52,2599.52,76024.26,4,1
1042,27,3234.49,114509.68,2,2
1043,19,846.54,29200.95,7,1
1044,31,2118.61,63913.89,3,1
1045,33,1906.28,78866.27,4,0
1046,28,1295.11,55679.57,4,2
1047,19,1092.78,44409.25,3,0
1048,29,2354.96,68075.16,2,1
1049,7,2418.41,64656.18,6,1
1050,50,2909.98,107986.19,3,1
1051,31,1647.61,43071.52,2,0
1052,19,1900.87,73100.96,2,1
1053,56,1032.28,36757.86,2,2
1054,12,3078.55,117772.13,2,1
1055,8,2048.68,75398.56,5,4
1056,52,2505.81,83829.56,2,1
1057,28,2530.53,73429.87,3,1
1058,51,3021.38,94007.19,4,3
1059,48,1418.02,50325.56,6,3
1060,52,2488.31,94648.77,4,1
1061,50,1982.49,80468.75,4,1
1062,23,3473.97,140151.97,4,0
1063,43,1415.95,62944.1,5,2
1064,40,2820.0,86621.41,4,0
1065,56,2245.24,59324.19,3,2
1066,20,2208.5,70480.14,3,0
1067,30,2037.81,81239.29,3,0
1068,60,2942.67,99350.98,3,2
1069,42,2184.7,90349.79,3,1
1070,33,932.91,33572.16,5,2
1071,15,2853.65,124407.36,3,2
1072,44,2725.34,119798.56,5,2
1073,22,2411.0,63616.77,6,3
1074,44,1210.07,41297.54,2,1
1075,27,1318.82,49051.87,8,2
1076,31,685.79,20654.25,8,2
1077,49,2322.23,76962.3,2,1
1078,30,1055.32,40686.26,7,2
1079,22,796.87,23535.43,3,1
1080,18,2892.49,107136.84,4,3
1081,25,2537.73,98841.77,4,2
1082,30,1766.78,47367.24,2,2
1083,9,1906.17,66621.67,6,2
1084,15,314.86,10000.0,2,1
1085,8,2641.72,104315.58,1,0
1086,46,1515.09,43621.06,1,1
1087,50,2231.2,95595.38,5,4
1088,23,300.0,10085.65,3,1
1089,52,2684.3,77737.42,4,1
1090,41,1473.01,49729.41,3,1
1091,52,1036.77,34394.73,2,0
1092,27,1762.28,59174.47,2,0
1093,39,1582.52,58096.37,7,3
1094,52,2751.99,97484.95,1,0
1095,13,1705.72,47752.65,3,1
1096,45,2953.83,77719.99,4,1
1097,54,2231.1,88325.47,4,2
1098,49,2626.06,95048.44,6,1
1099,24,1998.48,64311.23,2,2
1100,47,2890.44,118991.25,6,1
1101,46,1192.46,39066.49,2,0
1102,42,2079.54,85093.21,2,0
1103,11,1722.49,53595.64,3,2
1104,57,2977.64,78779.14,6,3
1105,31,3049.32,133111.52,3,2
1106,39,2000.29,65791.74,3,0
1107,50,1095.94,44773.46,3,0
1108,11,2298.97,70309.07,5,3
1109,42,834.77,31660.69,6,3
1110,38,3138.3,133271.73,2,1
1111,58,1668.78,43109.42,3,2
1112,27,1978.6,82334.96,4,1
1113,26,1523.33,55489.98,3,1
1114,11,1368.75,50848.4,5,2
1115,11,2516.1,89229.0,5,2
1116,60,1888.97,80261.32,5,4
1117,53,2029.74,52506.61,3,3
1118,9,1297.28,39204.42,5,2
1119,35,2599.24,110507.4,2,1
1120,16,2670.45,106943.39,4,3
1121,35,1853.75,46997.95,1,0
1122,36,2887.55,102046.22,4,3
1123,29,1927.11,68588.76,4,1
1124,60,2545.83,84057.27,1,0
1125,14,863.95,26737.43,5,2
1126,60,2247.4,86827.23,7,1
1127,8,1809.96,52770.94,0,0
1128,56,2108.87,86419.15,3,0
1129,36,2077.48,85302.78,3,1
1130,45,2087.99,69540.98,2,1
1131,42,2430.99,74560.81,4,1
1132,41,1604.38,49218.42,4,3
1133,29,2398.36,83093.01,1,1
1134,36,2862.77,112768.94,1,0
1135,11,1012.9,32592.5,8,2
1136,7,1453.62,54076.0,4,3
1137,25,1483.03,48420.31,5,1
1138,33,1235.57,38414.38,7,3
1139,16,1667.71,42521.96,2,1
1140,9,2723.18,68292.75,5,3
1141,20,3013.31,89025.72,4,1
1142,11,2074.32,68718.42,5,4
1143,59,1773.03,74512.18,5,2
1144,54,2562.05,104966.25,5,2
1145,35,345.22,10475.18,6,3
1146,43,1261.38,37703.52,2,1
1147,56,374.86,11075.74,4,1
1148,7,1254.01,39858.4,5,1
1149,20,1463.09,51155.36,6,3
1150,16,3034.38,102481.1,1,1
1151,13,300.0,10000.0,6,1
1152,31,1708.31,47164.73,6,4
1153,56,2433.7,61454.62,3,1
1154,50,2287.51,64231.64,1,0
1155,49,3023.22,118229.32,2,2
1156,10,2112.74,63113.28,5,2
1157,11,2261.99,77749.36,5,3
1158,31,713.05,26258.62,3,1
1159,59,1308.21,55908.81,6,2
1160,9,752.11,32172.94,5,1
1161,24,2400.83,95828.18,2,1
1162,25,2244.08,57679.99,2,1
1163,38,2219.48,81014.02,2,1
1164,25,1383.0,56331.76,2,2
1165,54,1318.94,33429.42,4,2
1166,17,2146.61,77264.52,3,1
1167,52,1531.43,64557.85,4,2
1168,6,1285.72,44334.14,3,3
1169,31,1644.13,41238.21,5,0
1170,19,1537.48,38775.67,1,1
1171,43,1393.29,46442.28,3,0
1172,42,1141.96,32089.35,3,3
1173,16,2314.08,88603.95,6,5
1174,41,3089.23,121023.81,0,0
1175,18,1972.7,56335.49,4,2
1176,48,2155.7,92200.89,0,0
1177,8,2375.46,80381.34,4,3
1178,38,2256.6,62861.81,2,2
1179,11,1407.16,56687.54,1,0
1180,55,3203.89,130717.17,4,3
1181,15,1469.88,55540.85,3,0
1182,10,2453.66,103223.86,6,2
1183,28,2371.13,94246.55,4,0
1184,15,629.09,26827.03,5,4
1185,49,1748.81,58895.92,6,3
1186,7,2039.64,81487.58,4,1
1187,18,2093.21,94183.86,2,1
1188,45,2210.99,87331.23,1,1
1189,7,2530.36,69037.63,0,0
1190,25,1994.74,70546.7,1,0
1191,6,2248.23,82615.69,2,2
1192,42,1968.53,56072.08,4,2
1193,14,1287.87,56998.18,4,2
1194,22,2022.68,57669.86,2,0
1195,14,2524.36,72073.48,3,0
1196,16,2776.15,120216.66,3,1
1197,20,2376.12,81510.71,2,1
1198,29,2934.05,77059.08,4,0
1199,43,2293.21,84765.47,7,4
1200,60,2604.72,96469.63,2,2
1201,40,2656.17,69830.85,4,1
1202,35,1843.65,81951.28,3,1
1203,36,2508.2,89995.81,2,1
1204,54,1341.55,48558.58,1,0
1205,10,2244.87,79473.53,2,0
1206,49,2403.92,89460.94,2,0
1207,55,2735.77,82855.41,6,1
1208,19,2574.53,79153.53,2,0
1209,58,2744.88,96693.29,7,4
1210,16,1930.43,79405.92,1,0
1211,14,1758.22,45709.08,5,1
1212,39,1807.57,67003.19,5,2
1213,17,2186.4,89938.74,5,2
1214,40,733.88,20650.09,3,2
1215,40,2932.23,74186.74,4,1
1216,6,2030.71,63468.39,7,4
1217,45,1709.5,62846.09,5,3
1218,27,300.0,10000.0,0,0
1219,34,1974.23,66181.04,2,1
1220,13,1861.07,67084.8,2,1
1221,16,1372.07,50735.85,2,1
1222,46,1528.87,46612.46,4,4
1223,42,1981.35,65385.87,0,0
1224,19,1588.23,64429.57,5,4
1225,35,2400.31,105192.09,0,0
1226,40,1475.85,62336.43,3,2
1227,26,2108.23,76498.39,4,1
1228,42,2826.03,93840.8,6,1
1229,10,1974.38,62507.25,7,3
1230,24,2249.18,61850.61,3,1
1231,19,2204.86,59820.0,4,2
1232,31,2005.6,77751.32,2,0
1233,9,1953.1,58975.44,4,0
1234,30,1600.04,48150.32,4,1
1235,50,2105.71,94680.87,6,4
1236,47,1801.71,51814.59,7,4
1237,30,3082.26,86183.76,3,1
1238,23,2567.8,69263.09,3,1
1239,45,983.04,35975.54,4,1
1240,13,1021.99,38383.14,5,3
1241,44,1908.68,61659.0,2,0
1242,45,1723.29,61535.56,1,0
1243,19,1871.76,76308.07,3,2
1244,37,2455.81,101577.54,5,3
1245,56,2221.02,98076.12,0,0
1246,43,2213.94,91846.12,1,1
1247,38,3012.34,109338.25,2,1
1248,28,1027.78,29387.34,2,0
1249,20,2072.76,55954.64,4,4
1250,38,1594.66,41605.14,3,0
1251,30,3004.81,115175.73,1,0
1252,22,453.45,18659.96,3,1
1253,38,484.16,17029.79,1,0
1254,52,2213.25,57753.05,2,1
1255,60,2788.41,99572.39,2,1
1256,7,2541.28,111091.93,1,1
1257,19,1439.31,53185.89,3,1
1258,58,3054.5,125810.23,4,2
1259,45,1137.97,46660.32,4,2
1260,45,2915.24,127228.55,4,0
1261,56,1230.54,49719.46,1,0
1262,44,1753.72,70068.27,4,0
1263,56,2447.49,72646.49,1,0
1264,11,973.65,25508.29,8,4
1265,11,3028.32,107057.01,2,1
1266,8,1749.44,48089.78,3,2
1267,12,2096.09,92739.38,3,1
1268,56,2813.54,86652.82,3,0
1269,13,1444.81,60767.19,2,2
1270,47,2742.57,89825.99,2,1
1271,57,3148.37,99060.06,2,0
1272,20,1541.09,67350.73,3,2
1273,52,2958.57,95462.6,4,2
1274,34,767.59,25181.54,1,0
1275,38,2272.72,61640.35,4,1
1276,57,1139.98,43785.46,4,2
1277,35,2659.8,81860.04,1,0
1278,44,2602.32,95536.56,5,1
1279,32,3454.17,127206.69,3,3
1280,41,2994.9,117951.05,6,5
1281,34,1883.96,75179.11,5,2
1282,43,1242.78,43856.41,2,0
1283,38,2395.98,75760.53,4,1
1284,42,1957.49,81723.2,4,2
1285,32,3085.81,96268.93,2,2
1286,60,483.53,16996.29,4,3
1287,38,3531.64,116632.58,4,2
1288,9,2372.39,99881.48,4,3
1289,27,1430.89,48132.86,9,4
1290,7,2513.79,82256.28,2,2
1291,15,2908.19,112827.71,0,0
1292,10,2080.04,77063.14,5,1
1293,15,764.56,20753.82,1,0
1294,38,1794.31,63093.89,0,0
1295,59,2727.58,108310.89,5,1
1296,43,2347.67,105272.82,3,2
1297,18,1890.45,71048.48,4,1
1298,36,2915.82,94489.69,5,3
1299,52,2517.51,74324.65,4,3
1300,41,2571.44,109174.5,5,2
1301,50,1712.56,70713.66,0,0
1302,29,1644.83,48816.06,5,3
1303,57,810.03,23501.06,2,1
1304,20,1818.43,71469.11,7,3
1305,34,2654.77,83091.89,4,3
1306,13,1857.13,57808.84,4,2
1307,10,2311.88,64838.46,2,1
1308,34,2777.84,84111.62,3,2
1309,52,2260.98,75856.32,2,0
1310,9,2329.36,92374.9,4,3
1311,17,1049.52,33297.38,2,1
1312,50,1774.2,56015.34,5,1
1313,7,3208.64,98499.64,3,1
1314,32,2072.66,71642.82,6,5
1315,36,3327.72,95215.07,6,2
1316,56,1493.82,51854.37,2,0
1317,56,2163.76,84567.46,4,2
1318,41,1732.13,44335.14,1,1
1319,41,2414.39,60831.96,3,1
1320,31,2626.51,69608.87,5,4
1321,48,2421.73,86487.6,6,4
1322,32,2729.3,114873.64,5,1
1323,10,1990.78,49963.95,5,3
1324,25,1866.63,81633.76,4,4
1325,16,769.26,20866.75,3,3
1326,15,2446.92,102378.14,4,1
1327,45,2120.53,73491.37,1,1
1328,43,1952.46,74558.87,4,2
1329,11,1866.43,65723.75,2,0
1330,13,1974.18,68190.23,4,1
1331,28,1834.63,76500.58,2,1
1332,52,1630.38,65406.99,6,4
1333,31,2167.71,75150.34,6,1
1334,51,2338.91,63694.92,3,1
1335,48,1460.6,39886.22,2,1
1336,17,1719.49,70551.83,1,1
1337,31,1856.76,66078.2,5,3
1338,18,2003.37,69380.25,1,1
1339,45,1910.27,73758.09,7,4
1340,23,2461.8,103831.13,0,0
1341,30,843.34,31690.69,8,4
1342,38,967.47,38947.56,2,0
1343,52,2135.5,86072.15,0,0
1344,45,1578.12,50697.46,3,0
1345,48,2618.97,79830.55,2,1
1346,17,2818.86,115638.91,7,2
1347,49,2163.62,70412.03,1,0
1348,41,1249.62,53816.93,1,0
1349,53,2738.22,72271.95,4,2
1350,9,2139.23,55971.61,4,3
1351,10,959.14,41761.25,5,3
1352,42,1021.04,38767.83,7,5
1353,13,3061.86,99792.19,2,0
1354,47,2945.8,118129.94,3,1
1355,54,300.0,11533.96,3,1
1356,33,1049.55,37389.06,9,0
1357,36,2798.6,75499.11,3,1
1358,14,1987.06,81953.29,1,0
1359,59,2491.29,105432.74,4,1
1360,56,1956.63,55653.25,0,0
1361,34,2458.14,103267.23,6,3
1362,19,2004.08,85287.67,4,2
1363,45,1693.67,60952.92,1,0
1364,46,2741.12,104501.34,2,0
1365,27,2141.44,69906.71,7,4
1366,16,2456.67,75262.2,3,2
1367,28,2110.21,83226.11,3,2
1368,6,1659.55,70095.26,5,2
1369,51,3125.87,119038.07,1,0
1370,42,2248.48,79217.95,4,3
1371,26,1751.47,49353.68,2,0
1372,31,2894.83,75465.84,6,2
1373,51,1075.42,36471.73,8,3
1374,41,3565.4,92653.98,0,0
1375,59,1874.6,68210.32,5,3
1376,28,1112.39,36324.63,1,0
1377,6,3334.16,133845.75,8,3
1378,59,1675.78,52138.58,7,4
1379,60,2170.27,79995.45,4,0
1380,56,2502.38,89469.4,3,0
1381,45,2828.92,70989.64,11,3
1382,20,2209.84,58445.44,4,2
1383,26,1546.88,47655.27,5,2
1384,52,2153.29,91826.61,4,2
1385,14,1706.48,47679.54,8,2
1386,58,2174.31,85271.77,4,2
1387,14,3139.7,139614.29,3,1
1388,15,2529.15,103217.93,3,2
1389,57,2144.65,64036.98,4,1
1390,58,2516.94,108649.67,3,1
1391,31,2567.06,68956.64,2,0
1392,46,1245.49,42798.51,5,2
1393,40,2029.21,86750.25,3,0
1394,57,3793.77,143500.52,3,0
1395,30,2848.97,94793.63,4,3
1396,31,1647.6,50838.62,7,4
1397,16,1577.75,51280.16,6,0
1398,43,1554.43,54683.11,6,3
1399,7,2606.42,81791.87,2,1
1400,12,3125.35,138700.96,2,1
1401,23,2407.52,105115.93,2,0
1402,32,2110.01,89492.91,2,1
1403,39,1689.09,56477.46,1,0
1404,32,2230.56,86603.85,0,0
1405,22,1425.91,61395.02,1,0
1406,48,644.96,27094.03,3,0
1407,49,3145.78,104712.07,4,2
1408,56,1295.93,35311.17,5,2
1409,59,1772.62,46996.71,4,1
1410,29,2459.45,89871.46,5,3
1411,30,3004.13,113713.89,3,2
1412,12,2179.99,91552.78,3,2
1413,57,1164.4,35922.16,2,0
1414,11,1789.06,50718.72,1,1
1415,58,1525.06,49686.64,2,0
1416,29,1973.25,63285.17,4,1
1417,38,2862.39,79143.28,6,3
1418,54,300.0,11533.7,7,2
1419,34,1712.03,60218.57,4,2
1420,48,1661.17,65487.21,3,1
1421,27,1120.27,35908.84,1,0
1422,31,2409.84,75943.92,1,0
1423,33,1009.52,34779.39,2,2
1424,55,1090.07,46380.63,9,6
1425,26,2595.75,66984.91,6,1
1426,54,3050.4,125361.24,2,2
1427,12,1946.73,63034.71,6,2
1428,22,1147.82,48314.59,4,1
1429,25,1506.11,61816.96,2,1
1430,46,2705.6,86512.21,1,1
1431,54,2081.51,80923.84,6,1
1432,25,1929.27,54391.32,6,2
1433,59,2219.13,95257.76,3,1
1434,27,1973.64,65307.33,4,1
1435,33,3082.0,105134.72,2,0
1436,45,1475.6,57718.35,5,2
1437,54,1395.23,57785.91,4,2
1438,12,1031.58,30665.7,2,0
1439,6,1622.01,62004.53,4,1
1440,37,1235.62,40577.62,6,4
1441,18,2152.65,69690.11,2,1
1442,35,2014.66,78169.97,3,1
1443,28,1244.65,40754.31,2,1
1444,56,2412.4,77008.96,4,3
1445,24,3061.77,127730.17,3,2
1446,37,2250.49,60820.58,4,2
1447,35,300.0,11555.36,3,1
1448,34,3390.99,101643.31,1,0
1449,54,2522.85,63853.15,2,0
1450,50,3369.49,95475.54,4,1
1451,34,2763.51,102617.92,4,1
1452,35,2903.36,113761.06,1,1
1453,21,2143.69,54495.0,5,3
1454,45,1816.39,46733.08,2,2
1455,24,2261.44,97356.76,6,4
1456,23,1503.85,39801.08,2,1
1457,6,2303.72,98791.76,2,1
1458,19,300.0,10000.0,9,7
1459,56,2030.05,80796.82,0,0
1460,52,2941.27,91752.03,9,8
1461,55,2066.02,87134.31,6,3
1462,7,3209.24,125189.47,2,0
1463,59,1815.38,59973.32,3,0
1464,33,2701.86,71669.56,4,2
1465,54,1385.21,54929.16,3,0
1466,55,2673.37,99817.46,2,1
1467,35,2162.82,54196.36,1,1
1468,43,1846.17,46502.18,3,1
1469,56,300.0,12352.76,3,1
1470,9,1821.94,55000.6,3,1
1471,6,2149.42,81081.76,2,0
1472,13,2580.1,87940.76,4,1
1473,34,3092.66,130722.61,3,0
1474,60,3424.52,148416.16,5,2
1475,44,2872.39,129074.03,3,1
1476,8,1606.54,45101.4,3,1
1477,37,1786.64,75502.0,3,1
1478,15,2517.24,76323.82,3,2
1479,15,2363.73,87023.84,3,1
1480,24,3139.84,110256.99,3,2
1481,51,3735.57,94733.23,3,1
1482,39,3587.03,156593.15,3,2
1483,38,3045.76,80915.22,7,3
1484,28,2369.53,91853.43,4,1
1485,60,2944.53,119842.67,7,2
1486,33,3163.01,129385.27,2,0
1487,37,1896.89,52562.61,7,3
1488,55,1627.14,55243.59,5,2
1489,12,1462.81,60835.99,2,0
1490,34,1386.53,43056.75,5,5
1491,13,1032.6,35475.06,4,3
1492,6,2174.93,66239.44,2,2
1493,60,1300.17,44558.27,2,2
1494,8,1451.53,62062.91,7,2
1495,29,2490.88,84945.16,5,3
1496,28,2127.13,76828.06,6,1
1497,13,2300.74,76107.3,1,1
1498,59,2955.6,101088.59,2,1
1499,52,2605.17,65919.9,6,3
1500,42,3063.22,93964.02,1,1
1501,8,2055.98,69351.69,6,4
1502,56,3128.25,117859.89,3,0
1503,38,2251.82,76564.07,4,1
1504,33,2118.09,67262.93,7,4
1505,52,3023.07,99041.69,4,1
1506,13,1389.49,41470.61,1,1
1507,39,3416.52,148584.08,3,2
1508,40,1802.53,63872.41,1,0
1509,37,1147.32,28990.81,0,0
1510,29,2457.45,62392.05,2,0
1511,19,1735.87,77175.67,3,0
1512,37,3418.06,100590.29,4,3
1513,51,1696.97,69766.09,2,0
1514,48,2220.11,58090.41,5,5
1515,21,1002.08,43513.78,4,1
1516,9,2569.04,109154.24,2,0
1517,57,1455.83,53023.93,1,0
1518,42,2485.33,62580.47,5,2
1519,59,1700.16,51270.34,4,3
1520,26,567.15,18793.2,4,2
1521,19,2091.83,71543.37,4,2
1522,36,2060.5,63779.84,2,1
1523,60,2616.75,67143.08,4,1
1524,53,3089.2,113690.45,4,4
1525,23,3338.69,118466.93,4,2
1526,12,2604.91,79866.51,7,5
1527,15,2195.03,56543.01,4,1
1528,12,1000.87,44930.78,2,1
1529,38,2141.41,74178.01,3,1
1530,28,2150.46,86276.56,6,5
1531,26,1860.95,63358.49,5,1
1532,24,2443.08,63186.3,4,2
1533,53,2785.33,86880.18,3,0
1534,24,1427.12,44814.63,2,1
1535,41,1416.21,59150.97,3,2
1536,34,1902.5,72455.78,6,1
1537,23,1569.34,47878.35,2,0
1538,7,851.12,37751.38,4,2
1539,6,1302.39,40935.05,1,0
1540,52,1137.38,51141.71,3,1
1541,10,2845.92,127847.83,3,1
1542,25,3191.98,92006.27,1,0
1543,16,1233.2,38543.34,3,0
1544,47,2382.25,82713.88,5,4
1545,7,2611.46,99972.0,5,2
1546,8,955.41,33975.35,3,2
1547,28,2112.69,93779.63,5,3
1548,60,3773.46,148975.43,0,0
1549,17,2474.0,72342.06,3,1
1550,25,1828.29,49550.22,5,1
1551,10,1607.87,62333.92,2,2
1552,42,584.28,16458.52,2,1
1553,43,2329.33,94928.5,4,1
1554,35,3363.47,105010.05,2,1
1555,14,1430.52,45115.53,6,2
1556,39,645.09,16266.59,1,1
1557,58,1535.04,59897.73,4,2
1558,49,2617.12,71356.81,4,2
1559,40,1700.05,68779.96,1,0
1560,57,1425.67,49666.66,8,7
1561,27,2013.41,81916.72,5,1
1562,49,2160.79,79254.62,5,2
1563,29,1028.13,27398.21,4,0
1564,22,1847.9,74494.54,1,0
1565,15,1651.91,43603.87,6,3
1566,35,1551.37,53637.01,3,1
1567,51,1288.07,36641.83,3,2
1568,28,2658.88,106479.4,3,1
1569,37,1548.93,66963.03,1,1
1570,22,603.54,21777.18,5,3
1571,55,2185.01,77661.64,4,1
1572,56,2507.64,101005.88,3,1
1573,22,1442.79,36216.27,5,2
1574,19,1608.24,69725.35,3,3
1575,14,1545.66,44745.34,4,1
1576,45,1757.34,78522.25,5,3
1577,7,2774.8,110228.96,3,1
1578,50,1920.16,77737.66,3,0
1579,30,2587.72,98654.22,2,1
1580,44,1321.82,45514.5,7,1
1581,14,1731.42,63079.93,3,3
1582,59,2667.81,69171.12,5,3
1583,27,1436.08,53822.97,4,2
1584,48,2708.5,101628.07,5,4
1585,51,1560.13,66811.08,3,2
1586,9,1774.84,62320.05,3,2
1587,31,3169.11,84117.43,3,0
1588,34,1694.93,52752.76,2,2
1589,50,2101.74,80102.83,9,4
1590,39,2431.51,72422.82,2,2
1591,28,2158.56,66074.6,3,1
1592,42,2178.54,90211.88,3,2
1593,16,1960.42,71920.82,0,0
1594,11,1088.43,38280.77,5,2
1595,23,2243.8,70385.93,3,2
1596,26,1487.27,58923.58,3,2
1597,47,2543.04,78209.5,6,4
1598,41,2960.44,117651.77,3,1
1599,46,736.11,19434.8,3,2
1600,43,2961.67,125251.28,3,1
1601,39,1712.26,59914.24,3,0
1602,22,1908.34,64444.8,1,1
1603,42,1361.33,50669.29,3,1
1604,30,2131.93,79912.83,2,0
1605,43,2046.77,56574.17,1,0
1606,17,2753.85,110497.17,4,3
1607,28,1481.02,45198.75,4,3
1608,58,3162.56,136304.0,3,1
1609,47,2465.3,101957.44,4,1
1610,27,2063.68,65883.59,2,2
1611,26,1873.45,77101.47,5,3
1612,32,1785.4,57361.04,6,2
1613,36,1831.06,49473.31,0,0
1614,11,2117.88,93690.34,3,1
1615,32,1853.7,70537.07,6,3
1616,45,1551.63,52944.68,2,0
1617,39,2122.12,69935.51,5,0
1618,17,1414.6,44551.51,5,4
1619,50,2225.73,99331.86,8,4
1620,58,1843.85,51065.41,7,2
1621,12,2487.71,77855.68,4,0
1622,15,2692.35,93451.41,4,2
1623,50,2692.08,93038.14,3,1
1624,22,2222.67,76520.71,2,1
1625,31,2304.38,65711.01,0,0
1626,26,1774.07,49494.28,3,0
1627,33,2474.35,74466.37,2,0
1628,51,2553.35,110535.9,4,2
1629,7,902.87,24613.18,4,2
1630,59,2264.84,90930.06,2,0
1631,48,2957.69,118754.15,0,0
1632,6,1750.6,72116.55,1,1
1633,56,1597.82,68278.42,1,0
1634,58,1706.1,51627.69,2,1
1635,41,946.59,27915.97,6,1
1636,56,2088.19,71645.99,0,0
1637,31,2020.98,61239.17,3,0
1638,34,2137.92,84845.87,7,5
1639,26,2291.18,86420.68,5,3
1640,16,1441.4,61259.34,2,2
1641,45,2191.24,58406.97,3,1
1642,16,2310.24,100037.2,4,1
1643,41,1658.13,51181.32,4,2
1644,54,2294.08,79865.93,4,3
1645,44,2056.49,69452.41,3,1
1646,45,1558.17,62648.03,7,0
1647,40,2197.95,73426.25,0,0
1648,59,1796.5,78814.47,8,2
1649,39,2487.95,107107.75,6,2
1650,60,1832.58,77780.75,2,1
1651,52,1097.16,28992.74,1,1
1652,29,2186.89,92035.66,5,3
1653,59,2160.58,87790.31,2,1
1654,27,1243.2,33653.85,1,1
1655,10,2525.38,68559.61,2,1
1656,38,2488.75,67254.3,7,1
1657,41,1391.01,35090.62,1,0
1658,52,1538.26,55335.4,4,3
1659,25,1900.59,84515.43,5,2
1660,24,1468.8,49606.92,5,2
1661,40,2448.28,87685.44,2,2
1662,57,2104.28,93344.61,2,1
1663,48,1234.51,37163.25,2,2
1664,22,1424.27,60060.63,0,0
1665,50,2831.4,101726.12,3,0
1666,48,3074.89,111893.94,5,2
1667,39,2377.11,75743.0,1,0
1668,14,1852.11,67104.97,2,1
1669,31,1692.03,44775.83,4,1
1670,7,2384.79,96090.02,9,6
1671,58,2053.14,63018.71,2,0
1672,14,872.95,37320.5,3,0
1673,14,2722.31,88085.74,3,2
1674,45,2942.06,81955.51,4,2
1675,22,2516.08,97919.75,5,1
1676,6,1235.87,34964.76,0,0
1677,30,1554.22,62283.27,7,5
1678,48,699.6,31035.65,5,3
1679,45,3117.23,126531.82,5,1
1680,47,1750.28,44542.93,4,2
1681,30,3633.3,134423.89,6,2
1682,44,3368.66,131068.58,2,0
1683,40,1367.6,56768.0,5,4
1684,8,1504.21,39290.1,1,0
1685,55,2326.33,80496.15,0,0
1686,42,771.82,27559.72,3,2
1687,49,1693.22,48057.77,4,0
1688,49,1623.29,51050.8,2,0
1689,56,3295.82,111413.2,1,1
1690,35,2112.71,88024.46,2,0
1691,43,1800.66,78487.58,5,2
1692,39,1557.96,58530.18,4,2
1693,17,2625.83,86387.08,2,1
1694,24,1652.3,49702.28,5,2
1695,42,1964.8,87714.07,4,1
1696,49,1552.61,69340.34,4,1
1697,54,937.72,40790.56,2,1
1698,22,1302.78,53040.39,5,3
1699,15,1648.62,51957.23,3,2
1700,60,1815.72,75061.95,2,2
1701,54,1846.4,61256.02,0,0
1702,52,1937.76,61108.04,4,1
1703,17,1657.92,66146.49,5,1
1704,21,2944.39,78300.35,6,2
1705,29,2663.59,69176.74,4,2
1706,24,1905.42,64706.42,4,3
1707,13,2177.98,73861.37,2,0
1708,36,1739.54,74648.6,4,2
1709,26,300.0,10000.0,1,1
1710,22,2014.35,55325.36,5,2
1711,28,2213.93,61877.25,1,0
1712,42,871.14,22296.51,4,3
1713,59,2349.59,62110.49,2,1
1714,21,1803.6,68892.69,6,4
1715,11,2236.55,75219.07,4,2
1716,13,1824.72,73485.27,4,2
1717,30,2875.67,128979.34,3,1
1718,23,2158.36,82407.69,2,1
1719,30,2701.69,70268.6,3,0
1720,17,2759.31,74753.13,7,5
1721,20,1216.31,51839.27,3,3
1722,31,1482.69,52709.44,2,2
1723,46,2316.13,96111.75,4,1
1724,50,1744.12,73483.86,5,4
1725,31,1832.98,79832.47,3,1
1726,52,2900.6,127616.29,6,4
1727,37,1782.74,64350.83,2,1
1728,15,1321.75,42058.6,4,1
1729,21,1416.34,62655.05,1,0
1730,12,3527.65,126812.4,4,2
1731,22,1875.25,49290.95,6,1
1732,28,1045.03,39560.04,5,2
1733,31,761.38,27983.49,5,1
1734,26,1562.75,67066.94,4,0
1735,27,1862.43,70891.23,2,1
1736,12,2664.42,85211.0,3,3
1737,19,2596.64,115094.88,4,2
1738,20,1995.56,81882.49,3,1
1739,58,1682.08,63260.33,2,2
1740,12,2237.72,69052.73,5,2
1741,14,775.88,25193.38,7,5
1742,56,3386.76,130049.42,4,2
1743,53,2457.87,64985.24,2,0
1744,13,2606.89,78555.11,3,1
1745,55,1248.09,49022.61,4,3
1746,28,2897.85,100266.82,3,1
1747,34,1677.99,55453.93,2,1
1748,23,1333.21,37368.73,5,4
1749,36,1972.58,66746.13,0,0
1750,35,1956.21,79058.01,5,0
1751,57,1245.02,37699.65,5,3
1752,44,1373.54,34486.9,5,1
1753,40,1318.74,50600.1,1,0
1754,23,1325.4,58917.36,3,1
1755,47,1728.33,64184.24,3,0
1756,44,1027.71,28157.66,2,0
1757,22,1516.04,47625.82,3,2
1758,19,2731.59,115690.75,6,2
1759,36,2576.32,76391.3,1,0
1760,29,1265.08,47002.85,2,1
1761,40,2670.74,88277.22,8,5
1762,49,623.49,18179.09,2,1
1763,50,3700.4,152708.66,4,2
1764,39,2910.22,115991.52,3,1
1765,8,1608.19,61483.94,2,2
1766,42,2267.7,67411.27,4,0
1767,48,1019.36,27478.94,3,2
1768,45,2042.31,74591.67,3,2
1769,31,1871.44,67509.35,3,2
1770,60,1415.67,40725.44,3,1
1771,28,1672.01,43681.14,5,2
1772,49,1603.11,42665.41,1,0
1773,44,1207.78,54175.67,4,3
1774,20,1399.3,56911.75,3,2
1775,54,990.71,43036.15,2,1
1776,9,2600.13,75146.65,5,4
1777,34,1347.52,59575.75,8,2
1778,27,1144.59,31880.24,4,3
1779,30,2589.05,91087.13,5,1
1780,18,2258.73,93949.6,6,3
1781,23,2563.15,82010.74,4,1
1782,38,2641.26,88473.09,4,2
1783,21,3356.22,92509.81,2,1
1784,50,1890.77,51917.65,2,1
1785,47,979.67,36631.37,3,1
1786,49,2189.73,84327.78,5,2
1787,7,1531.7,62105.17,2,2
1788,60,1329.75,48048.58,2,2
1789,40,2069.95,78482.45,4,1
1790,47,2606.03,65855.2,4,1
1791,39,1414.8,39958.88,2,1
1792,35,2892.07,129270.67,4,2
1793,60,1307.27,34668.64,2,0
1794,18,1829.27,70565.4,5,2
1795,18,2270.42,64756.0,1,1
1796,23,1728.47,67988.3,2,1
1797,37,756.8,29605.81,2,0
1798,37,2649.19,78638.36,5,2
1799,40,1563.57,47521.25,3,1
1800,44,2521.43,96054.88,5,1
1801,51,1115.1,36577.17,2,1
1802,57,1234.59,35668.62,3,2
1803,34,2603.7,103194.12,3,2
1804,54,2238.36,62859.63,4,1
1805,34,1692.99,71296.67,3,1
1806,58,2248.52,79357.97,8,3
1807,49,1332.17,36120.54,4,1
1808,21,2077.18,80763.82,3,2
1809,49,2089.99,73950.58,6,2
1810,52,1738.35,53821.41,2,1
1811,15,1415.3,47342.9,2,1
1812,35,2049.17,63456.27,2,1
1813,30,1961.51,59356.4,1,1
1814,44,1673.92,47325.48,4,3
1815,25,1276.33,41168.46,4,1
1816,10,2008.73,60301.68,8,2
1817,6,1675.67,64796.13,4,0
1818,35,1275.74,49342.47,5,1
1819,54,2030.47,71141.21,4,2
1820,8,3125.81,126779.54,2,0
1821,50,1743.22,72913.33,4,3
1822,19,3048.44,111558.8,5,3
1823,35,3480.03,130079.09,1,0
1824,55,1332.61,40854.68,7,4
1825,9,2006.33,86066.35,3,1
1826,23,3472.61,88496.47,3,1
1827,42,1915.24,61234.28,6,2
1828,30,2025.77,79888.22,4,1
1829,53,831.0,22105.99,2,1
1830,6,1627.84,46659.32,5,3
1831,58,2388.91,87877.84,3,0
1832,51,3700.5,133957.55,8,3
1833,20,1862.8,74099.32,3,1
1834,14,836.16,34493.55,1,0
1835,20,1016.33,28021.71,1,0
1836,54,1974.95,50099.71,4,2
1837,29,2824.04,109552.52,2,2
1838,9,2446.15,75898.67,3,1
1839,17,2322.18,87127.41,6,3
1840,42,2916.4,81690.99,1,0
1841,42,1495.84,51428.16,3,2
1842,48,2013.37,70645.99,3,3
1843,11,1635.73,60033.93,2,2
1844,44,1809.98,63826.08,3,1
1845,51,1295.61,45234.74,3,1
1846,29,1759.22,55687.45,3,3
1847,16,1980.6,52334.57,3,1
1848,18,1739.97,46614.5,7,2
1849,39,1887.26,63554.44,4,1
1850,30,2283.53,73337.48,4,1
1851,12,2867.09,101273.24,7,2
1852,57,2917.81,90734.42,4,2
1853,9,2533.0,98174.34,5,0
1854,13,1118.01,47268.58,2,1
1855,25,1747.71,54139.37,3,1
1856,34,1808.0,52178.32,3,0
1857,59,1540.0,42078.23,2,2
1858,58,2239.65,83594.96,2,0
1859,56,883.97,29946.36,4,2
1860,50,3185.5,91615.88,4,1
1861,51,2836.65,107970.83,4,0
1862,15,2334.74,65301.94,8,3
1863,48,1956.52,70603.13,2,0
1864,39,2860.19,101659.55,2,1
1865,31,2482.58,98520.22,4,1
1866,46,2774.65,72424.36,4,1
1867,54,1958.66,83747.48,5,2
1868,8,3252.52,127042.86,4,0
1869,11,2816.82,82596.31,3,1
1870,10,2356.68,67561.42,4,2
1871,10,2879.18,96836.08,3,3
1872,59,1706.59,70569.59,2,0
1873,52,1182.75,49508.72,2,1
1874,28,2225.09,78788.32,4,1
1875,54,1960.04,82745.33,3,1
1876,14,1861.6,46742.63,4,1
1877,40,2851.42,73291.41,6,2
1878,25,2117.0,91531.42,4,3
1879,54,2184.5,88486.69,3,1
1880,47,1771.06,60241.16,2,0
1881,40,2616.79,104860.39,2,1
1882,55,2491.31,109898.77,3,0
1883,23,2611.56,105616.23,4,1
1884,22,1651.92,69128.4,3,1
1885,29,2912.86,117132.39,4,3
1886,8,3287.14,93237.11,4,1
1887,37,2589.43,107905.26,7,3
1888,40,1433.5,41431.22,2,0
1889,43,1438.46,61641.15,4,1
1890,18,1737.24,59366.57,1,1
1891,52,1604.94,61853.49,5,3
1892,30,1950.24,68150.61,2,0
1893,14,2442.71,65659.59,4,2
1894,9,2202.97,67883.2,4,3
1895,19,2141.6,95675.31,4,3
1896,42,1831.16,80963.36,4,1
1897,39,1948.31,61195.84,5,3
1898,16,2557.6,114902.7,2,1
1899,46,591.63,24795.79,1,0
1900,8,1992.03,74141.62,1,1
1901,33,2201.59,56806.54,1,0
1902,34,2548.51,109659.6,5,2
1903,14,1292.97,46738.96,3,1
1904,8,1255.96,53214.56,1,1
1905,30,2408.77,100418.14,3,2
1906,39,666.88,27782.45,4,1
1907,17,2932.53,114261.66,3,2
1908,47,2158.61,66546.42,5,1
1909,14,3091.1,98059.75,5,3
1910,20,1239.05,38620.4,4,1
1911,45,1694.55,43043.09,1,0
1912,30,314.49,11526.57,6,4
1913,10,1443.02,56244.01,3,1
1914,16,1871.31,78739.59,0,0
1915,39,626.1,17407.78,8,4
1916,29,1723.76,61854.87,3,0
1917,20,608.86,15319.06,5,2
1918,43,1819.78,48955.43,3,2
1919,13,2802.98,73113.55,2,0
1920,10,1975.51,78051.7,4,1
1921,53,3160.75,84142.8,5,2
1922,31,2550.4,100305.02,3,1
1923,23,2943.7,88289.01,3,1
1924,11,1464.54,62322.34,4,3
1925,42,1447.6,59732.35,5,2
1926,53,2241.93,98995.99,5,3
1927,18,895.61,38220.31,3,1
1928,33,2329.8,101734.44,6,3
1929,10,1773.26,74786.81,2,1
1930,18,2931.0,113920.96,4,1
1931,22,2475.66,70321.54,5,5
1932,55,2767.69,84232.43,5,2
1933,45,1472.06,43064.31,6,3
1934,50,2733.75,101344.7,5,2
1935,37,3011.3,105613.47,5,2
1936,34,1972.9,83535.76,7,4
1937,56,1482.45,65307.25,6,4
1938,8,1494.75,49472.0,0,0
1939,45,2867.31,100720.0,7,3
1940,39,3879.04,172347.11,3,1
1941,45,1312.85,40074.41,4,1
1942,32,1259.04,51428.87,4,2
1943,18,2644.99,78039.89,0,0
1944,50,1472.26,56872.25,3,0
1945,38,2712.85,81581.64,4,2
1946,11,2325.74,99250.28,4,2
1947,29,1983.22,71851.04,1,0
1948,24,2308.89,66308.26,3,1
1949,21,2266.14,66822.51,6,2
1950,45,1874.28,65369.07,3,1
1951,33,770.55,34082.88,1,1
1952,38,2125.06,85837.03,4,3
1953,53,3101.14,107814.91,3,2
1954,46,873.86,27748.95,3,1
1955,18,1323.95,47642.85,3,1
1956,48,2298.78,91875.79,6,2
1957,50,2027.01,82456.05,7,1
1958,30,2287.83,72048.67,2,0
1959,58,1510.48,59547.82,2,0
1960,47,2813.72,107359.7,3,2
1961,41,2032.83,89815.01,0,0
1962,32,2487.89,108526.25,3,1
1963,43,2224.19,90719.51,2,1
1964,12,2122.85,83784.28,4,2
1965,10,2438.78,74336.15,4,1
1966,48,2130.54,89310.82,2,0
1967,50,1166.86,39148.31,3,2
1968,56,2761.15,84062.68,4,1
1969,36,2572.69,84083.75,5,3
1970,28,525.2,21910.86,1,0
1971,47,1542.06,43135.52,6,1
1972,15,2729.65,93144.4,5,2
1973,37,721.15,25130.02,5,3
1974,48,2660.5,68461.48,5,4
1975,58,1901.14,54971.43,4,1
1976,35,2938.2,122037.6,1,0
1977,44,1999.2,83197.29,5,3
1978,36,1494.55,46104.4,2,1
1979,23,2215.66,94160.99,2,0
1980,41,1978.73,80011.26,2,1
1981,7,1432.4,47782.35,2,0
1982,19,3552.84,142000.38,3,0
1983,18,1320.23,58389.46,3,1
1984,34,429.93,14694.79,4,3
1985,17,3107.19,92496.5,9,5
1986,44,1591.51,69765.76,4,1
1987,7,1792.26,66447.79,2,2
1988,37,1749.47,47419.8,1,0
1989,18,1601.24,58371.2,2,2
1990,51,1463.67,51245.29,3,2
1991,32,1302.23,54839.13,3,1
1992,54,2045.33,72842.25,5,1
1993,46,1718.61,51738.11,5,4
1994,22,2511.25,96715.61,5,3
1995,45,2337.89,83816.74,7,3
1996,36,1350.74,40064.2,2,0
1997,39,2075.96,75715.75,4,2
1998,29,1707.51,70743.49,4,2
1999,50,1305.84,33392.12,6,1
2000,40,2482.6,93388.09,4,2
2001,53,1915.07,61266.43,2,2
2002,11,1714.71,52904.84,5,2
2003,24,1401.1,46028.69,7,3
2004,35,1280.44,40769.93,7,4
2005,12,3392.14,141264.83,5,3
2006,15,2233.88,68124.4,3,1
2007,46,1236.21,49031.86,5,0
2008,37,2201.51,59179.12,5,3
2009,39,2743.41,120786.71,3,0
2010,33,2117.26,79283.71,4,0
2011,20,2961.81,115908.77,4,2
2012,35,920.03,28484.88,1,0
2013,42,606.07,20147.09,5,2
2014,34,2182.36,64326.36,3,1
2015,27,2193.55,95749.92,4,3
2016,9,300.0,10428.63,4,2
2017,25,1563.5,58801.49,7,6
2018,37,1293.94,51350.44,4,1
2019,41,1025.64,33253.35,2,0
2020,55,1292.27,50918.1,6,5
2021,9,2417.05,93104.46,3,0
2022,32,1287.82,50370.61,3,2
2023,22,1311.81,45630.94,1,0
2024,17,866.84,28309.79,6,4
2025,27,2888.24,85034.44,4,1
2026,22,2304.24,95608.85,3,1
2027,15,300.0,11150.1,6,2
2028,59,1312.43,44474.44,2,0
2029,6,2369.96,103993.76,2,1
2030,27,2896.97,75196.13,8,3
2031,31,2588.59,108729.56,4,2
2032,23,1751.02,78711.33,5,2
2033,55,648.04,27696.32,5,1
2034,19,2609.17,107520.76,1,1
2035,52,1792.17,58220.72,1,0
2036,34,2048.2,60680.66,1,0
2037,17,1875.81,74463.88,1,0
2038,41,1051.13,32681.2,2,2
2039,40,2254.98,64313.68,1,0
2040,57,2158.52,87917.69,8,7
2041,17,1701.95,53187.35,3,1
2042,12,2329.77,100853.2,3,3
2043,34,1038.2,43409.91,4,1
2044,16,1811.7,76005.82,4,1
2045,38,2018.29,81602.25,2,0
2046,11,785.55,33478.31,5,2
2047,52,1960.03,80586.61,2,1
2048,20,2513.55,93127.66,3,3
2049,37,1787.74,55270.53,3,2
2050,56,1976.12,84507.14,3,1
2051,16,2393.64,100083.08,2,2
2052,28,1728.54,59561.31,2,1
2053,31,1791.54,46188.77,5,4
2054,39,1176.31,44430.16,6,2
2055,51,1989.54,51751.9,2,1
2056,39,1765.61,76849.06,2,0
2057,34,2349.36,103918.49,6,2
2058,9,2394.42,68934.94,4,0
2059,22,2553.85,98394.05,2,2
2060,40,1644.22,44139.65,3,1
2061,18,476.39,18860.57,0,0
2062,46,2519.15,80476.07,4,2
2063,44,2301.78,88897.23,3,2
2064,20,1555.3,50481.06,3,0
2065,60,2388.46,66665.09,0,0
2066,34,985.99,32658.06,3,1
2067,34,2721.17,74161.28,4,1
2068,16,1766.46,64542.43,6,3
2069,57,1419.75,36656.59,5,2
2070,37,1564.81,55623.31,4,2
2071,7,1837.96,78531.22,2,1
2072,52,1991.59,83163.82,4,2
2073,19,2033.8,86752.87,0,0
2074,25,1699.27,73818.16,3,1
2075,27,2140.17,57978.34,2,0
2076,16,2005.8,55309.7,6,4
2077,32,1546.7,55897.91,2,1
2078,8,1441.27,61800.72,5,2
2079,22,2425.86,107919.02,5,2
2080,49,2367.03,61365.77,6,2
2081,33,2040.0,65515.44,2,1
2082,34,2646.94,77443.77,2,0
2083,26,627.07,25157.65,2,1
2084,52,1604.92,60672.34,2,1
2085,21,1190.58,32619.17,4,1
2086,42,3579.39,124099.05,5,3
2087,25,2499.25,96743.14,6,2
2088,11,1944.66,78914.38,7,3
2089,24,2549.49,64759.82,2,1
2090,10,2781.39,119069.74,5,1
2091,8,2773.94,100931.63,8,3
2092,6,2645.19,109082.93,1,0
2093,43,1816.22,74753.44,5,2
2094,20,1649.04,47487.61,4,1
2095,39,1326.47,36084.48,3,1
2096,40,2351.71,92718.04,3,2
2097,54,1888.74,53127.64,4,2
2098,30,1707.07,71694.82,2,0
2099,29,1670.54,66025.95,3,0
2100,17,3015.13,126142.71,3,3
2101,23,2666.88,82620.5,4,1
2102,20,3281.28,102808.8,1,0
2103,49,2370.31,91077.87,3,1
2104,21,2039.87,52279.61,0,0
2105,32,1982.22,78356.96,1,1
2106,13,1285.79,53637.54,6,3
2107,51,1117.01,37199.98,3,1
2108,30,2355.14,94906.38,1,0
2109,22,1345.72,38342.69,3,1
2110,34,2148.02,67544.95,0,0
2111,58,2780.83,123708.13,5,3
2112,13,1534.18,68618.7,5,2
2113,20,3407.34,120115.79,2,0
2114,32,1306.51,57075.56,5,3
2115,51,2693.14,95484.11,5,2
2116,55,2297.33,70830.71,2,0
2117,57,2835.87,86034.48,4,1
2118,12,1218.66,53121.6,6,5
2119,8,3614.91,102840.45,1,1
2120,34,1874.86,68606.0,2,0
2121,49,2473.65,89324.87,3,1
2122,58,3011.14,119820.64,2,1
2123,29,1576.74,55161.9,6,2
2124,8,2578.01,78489.31,1,1
2125,25,1459.97,41445.56,3,2
2126,51,2977.87,111421.22,5,1
2127,20,1467.87,57804.59,5,3
2128,30,2026.95,73761.75,2,0
2129,35,2214.28,88055.51,3,1
2130,19,2549.01,70940.02,0,0
2131,12,3377.93,144066.85,2,1
2132,22,1683.62,61701.22,5,4
2133,49,2797.11,77023.8,4,1
2134,25,3379.18,115698.1,3,1
2135,41,2116.01,88652.15,1,0
2136,14,1614.91,69362.27,7,3
2137,43,788.98,23900.45,5,2
2138,53,3318.29,130161.09,1,0
2139,27,1828.89,49379.46,6,2
2140,59,1299.05,33347.78,4,0
2141,58,1049.17,37988.29,1,0
2142,58,1297.75,50478.0,4,2
2143,7,2643.79,108172.76,4,2
2144,29,2740.51,87160.01,3,0
2145,13,2456.49,61732.72,3,2
2146,16,2092.64,72385.1,5,3
2147,18,1128.14,28561.09,3,1
2148,22,1489.04,39965.41,4,1
2149,13,1225.37,38640.44,2,1
2150,26,2400.97,81017.15,2,2
2151,23,1255.68,38410.52,3,2
2152,35,1500.03,54956.97,3,2
2153,23,1871.56,48860.78,3,2
2154,51,831.14,23181.82,4,2
2155,52,2032.74,79084.09,3,2
2156,36,1924.99,53597.23,1,0
2157,43,2828.95,106921.46,8,1
2158,37,1426.09,37212.06,3,3
2159,16,1090.56,36149.6,2,1
2160,50,1738.16,49621.27,8,3
2161,30,1231.34,33483.38,4,0
2162,38,2027.41,73677.34,6,3
2163,43,698.05,30411.55,4,3
2164,46,1576.26,41133.63,3,2
2165,13,1350.14,45136.64,3,0
2166,16,2397.43,93861.08,5,1
2167,27,1432.6,49072.09,1,1
2168,56,784.73,32276.0,4,3
2169,29,1858.73,53146.38,3,1
2170,46,2223.92,98279.23,4,2
2171,22,1810.16,59198.0,2,0
2172,17,1572.07,50041.31,2,1
2173,51,1529.91,65008.97,2,1
2174,37,2079.06,75422.9,2,1
2175,20,1377.39,48661.51,5,2
2176,21,1770.06,69987.47,7,1
2177,59,2525.31,92418.07,4,0
2178,27,1089.07,30766.68,3,0
2179,33,1969.43,75791.57,1,0
2180,25,747.71,20688.6,13,7
2181,38,2159.55,88794.58,2,0
2182,15,1314.83,58897.62,5,3
2183,45,2713.71,88325.3,2,2
2184,37,966.14,32747.32,6,2
2185,55,2309.46,59881.11,4,1
2186,38,2854.79,72153.9,3,2
2187,7,1278.52,55523.95,6,1
2188,38,1396.68,38509.95,2,0
2189,38,1339.06,45415.09,2,1
2190,46,1659.9,68565.48,3,2
2191,18,2362.2,101069.77,0,0
2192,35,1602.75,56717.92,4,1
2193,38,1215.33,44117.24,6,3
2194,18,586.87,22532.19,3,1
2195,57,3121.36,138050.56,6,3
2196,31,3176.35,117694.45,2,1
2197,27,2392.17,86571.3,1,0
2198,44,1432.73,36234.76,0,0
2199,7,2523.39,67170.14,4,2
2200,43,2664.09,97355.17,3,0
2201,44,1822.03,79667.75,3,1
2202,31,2028.96,85893.56,4,2
2203,51,2862.24,127803.43,2,2
2204,55,851.68,30282.81,2,1
2205,20,2698.9,110003.27,2,1
2206,39,1783.59,74568.44,3,2
2207,47,1221.2,46357.34,2,2
2208,60,1278.79,40633.41,3,2
2209,49,1394.69,47976.89,3,1
2210,54,1152.95,48606.48,4,2
2211,45,3239.97,100345.05,5,2
2212,16,2343.84,101898.21,2,0
2213,8,2745.14,81245.45,7,0
2214,11,2393.66,95723.16,3,2
2215,14,2042.86,76834.36,2,0
2216,11,2052.33,82076.71,3,2
2217,14,1721.74,58103.52,4,2
2218,44,1778.95,77656.29,5,2
2219,36,1014.33,38188.87,4,2
2220,37,2757.28,84830.19,4,1
2221,46,730.74,27599.27,2,0
2222,55,1258.97,38696.18,4,1
2223,17,3408.42,105227.07,4,1
2224,13,2095.32,69128.77,5,1
2225,13,2124.4,89327.95,3,1
2226,55,2446.14,85629.37,4,1
2227,33,921.76,35559.82,1,0
2228,25,1024.34,33638.82,1,0
2229,52,1688.57,51116.69,5,2
2230,12,1367.65,60303.4,4,2
2231,16,1947.53,72198.13,2,0
2232,25,2339.88,102203.88,4,2
2233,21,2972.41,86402.91,2,1
2234,9,2567.76,71737.83,3,1
2235,11,1304.01,54920.13,1,1
2236,27,1737.53,67100.34,3,1
2237,31,1547.14,44451.71,4,3
2238,8,1288.41,39151.09,5,2
2239,46,1129.08,46307.17,4,0
2240,47,3165.02,107855.52,6,3
2241,19,2007.45,77107.76,6,1
2242,16,1843.04,57810.67,2,2
2243,23,2338.98,76308.29,5,4
2244,59,2373.62,106372.1,7,3
2245,17,2783.18,83362.7,2,1
2246,28,1479.44,51971.33,5,1
2247,17,2281.91,95584.57,1,0
2248,18,1362.18,40571.75,8,4
2249,30,1866.89,62175.4,2,0
2250,50,2039.72,76085.27,4,2
2251,56,2108.14,72991.7,3,3
2252,24,2077.22,71020.41,5,3
2253,60,2561.28,82601.83,5,2
2254,51,1582.11,58115.46,3,0
2255,41,2127.17,79742.26,4,2
2256,50,1468.77,55909.76,2,0
2257,13,4044.53,106805.28,4,2
2258,34,1360.99,51201.56,2,1
2259,60,1509.54,66517.63,3,0
2260,58,2617.85,93770.8,2,2
2261,60,1699.37,66794.49,5,1
2262,37,2618.13,94605.28,3,1
2263,56,2107.12,88698.64,1,1
2264,49,1717.77,74880.34,2,1
2265,23,1473.07,42254.16,5,3
2266,11,1447.81,48845.21,6,3
2267,23,1725.38,56674.51,5,3
2268,24,1877.92,62167.32,6,4
2269,27,1417.68,39001.15,3,1
2270,42,1923.54,79388.84,3,1
2271,37,1234.12,31735.78,4,2
2272,46,2529.13,89947.36,2,0
2273,8,2663.15,101832.52,4,3
2274,33,1506.97,43927.32,3,2
2275,15,1467.88,63290.54,1,0
2276,56,2124.54,88744.2,2,2
2277,40,2885.76,99332.56,3,1
2278,34,3040.66,101019.93,3,2
2279,59,1018.08,30268.9,4,2
2280,20,2704.41,107094.4,2,1
2281,38,1956.91,54079.04,3,1
2282,12,1970.47,76069.4,2,0
2283,17,2353.3,98483.52,4,3
2284,54,1663.33,49183.72,1,0
2285,35,2767.69,117152.32,2,2
2286,26,2996.77,76916.58,4,0
2287,36,3022.9,130757.76,7,3
2288,29,709.26,19410.48,4,2
2289,25,1839.24,69735.12,3,1
2290,42,645.34,19361.22,3,1
2291,9,1464.3,61106.94,3,0
2292,33,321.75,11340.43,1,0
2293,49,2315.19,64141.84,6,3
2294,25,2153.52,78430.72,6,3
2295,29,1697.18,56274.48,1,1
2296,55,1446.2,55286.58,4,0
2297,54,2219.82,94648.92,1,0
2298,56,1292.0,42878.77,4,1
2299,37,1244.38,38323.83,4,2
2300,46,1158.31,29293.98,4,1
2301,41,1857.31,67785.89,2,1
2302,58,1592.38,52621.14,4,4
2303,39,1731.03,56246.44,5,3
2304,41,2365.27,67785.47,1,1
2305,7,2674.31,89859.7,3,3
2306,20,3015.34,134751.89,5,3
2307,39,2042.1,63213.25,4,2
2308,41,2243.31,82989.3,5,2
2309,11,2132.19,86417.2,5,3
2310,44,828.07,33108.85,6,4
2311,47,1741.21,54979.62,5,2
2312,56,1744.43,64922.85,6,5
2313,56,1642.43,69680.62,5,3
2314,59,1971.34,49892.61,3,1
2315,17,1846.36,62249.57,3,0
2316,8,1309.57,38613.32,3,1
2317,50,1894.28,62080.63,5,2
2318,23,1552.66,51734.47,3,0
2319,45,300.0,11980.03,6,4
2320,26,1022.05,27469.11,1,1
2321,20,2062.24,72697.42,7,4
2322,38,2764.32,100300.44,3,0
2323,40,300.96,10498.35,5,2
2324,31,1390.73,55124.85,4,2
2325,13,2302.02,75220.33,2,0
2326,41,2614.74,114785.22,4,2
2327,53,1705.92,59086.38,4,1
2328,35,1522.05,55439.66,5,3
2329,28,2853.8,118462.89,4,3
2330,47,2557.26,78008.65,4,1
2331,49,2601.03,68937.88,2,0
2332,19,1672.36,65482.2,4,2
2333,19,2779.59,96341.11,3,1
2334,7,638.45,27408.79,5,2
2335,60,2791.86,124666.65,1,1
2336,42,1953.43,64428.31,0,0
2337,10,2090.25,69623.81,1,0
2338,43,1338.32,44377.79,3,2
2339,50,730.18,22994.21,1,0
2340,46,2075.39,84330.98,9,2
2341,59,2385.98,95868.32,2,1
2342,52,2491.88,86151.67,4,3
2343,19,2416.35,62566.96,3,1
2344,44,2257.71,70420.75,3,1
2345,30,1353.35,41745.5,0,0
2346,25,2537.23,104589.18,6,1
2347,7,1275.06,34109.9,1,0
2348,44,2774.94,114087.72,2,1
2349,11,1941.21,74510.87,6,1
2350,22,1964.5,77890.27,3,1
2351,30,2606.15,87681.95,2,0
2352,33,2701.03,104244.87,2,1
2353,7,2539.45,94418.11,5,3
2354,40,1425.68,57568.37,3,2
2355,42,2533.87,85987.84,7,3
2356,10,1429.65,49260.66,2,0
2357,6,2551.53,96630.37,2,2
2358,45,1002.39,27226.35,4,2
2359,17,1934.42,65238.23,4,2
2360,41,1425.38,63342.32,4,2
2361,50,2608.95,67183.32,8,6
2362,28,2780.62,87089.18,2,2
2363,52,2139.3,66921.93,4,2
2364,36,2116.28,79718.61,2,0
2365,16,2492.92,67598.14,2,1
2366,15,2784.78,104626.65,2,2
2367,8,2026.12,54504.2,2,1
2368,59,1650.23,44389.58,4,4
2369,19,2453.09,97053.13,4,1
2370,21,698.89,22002.97,4,1
2371,15,2636.76,117463.42,4,1
2372,34,1502.87,38694.46,2,1
2373,15,1831.84,62103.3,4,4
2374,17,2641.24,72007.27,3,0
2375,35,1709.14,54739.72,2,0
2376,46,2453.19,110306.17,1,1
2377,6,2797.24,119656.95,6,2
2378,10,2077.02,53933.0,6,3
2379,25,2218.01,80436.53,1,0
2380,13,1916.39,72739.54,3,2
2381,48,2080.92,60743.45,2,0
2382,17,1218.52,33999.19,3,2
2383,6,1794.38,77315.71,3,2
2384,59,1098.26,48736.57,3,1
2385,25,1370.86,61466.56,4,2
2386,33,597.94,24392.93,6,2
2387,48,2184.75,83610.46,0,0
2388,42,3184.12,101619.98,6,3
2389,52,1680.73,47779.62,3,1
2390,42,2675.59,71116.24,3,2
2391,17,2787.98,108357.68,2,1
2392,42,1160.6,47230.16,7,2
2393,54,1311.34,54458.91,4,2
2394,54,2693.56,116564.56,9,5
2395,49,1935.36,82443.65,4,2
2396,33,1096.45,49334.48,5,1
2397,52,1554.2,46441.43,5,3
2398,20,2293.76,92360.98,0,0
2399,11,1444.24,53045.92,3,2
2400,49,300.0,10000.0,1,1
2401,25,1774.59,79214.37,4,3
2402,55,1831.3,78669.12,2,1
2403,19,2006.46,55318.69,2,0
2404,7,2881.22,73537.82,1,0
2405,14,2037.47,78985.66,1,0
2406,42,2170.06,80471.35,1,0
2407,25,2738.88,119733.55,2,0
2408,31,2007.24,59575.12,3,0
2409,34,3495.56,93288.78,4,3
2410,6,1115.4,33667.7,2,2
2411,60,1346.1,34161.98,8,5
2412,40,2429.77,62488.5,3,0
2413,11,2878.02,124610.06,5,0
2414,42,1859.44,59577.19,3,1
2415,58,1292.57,42934.08,2,0
2416,10,3232.69,82005.12,6,2
2417,38,1445.34,43953.47,2,1
2418,54,2237.34,91942.34,3,1
2419,56,2919.91,108941.17,5,3
2420,19,1690.88,67762.9,3,2
2421,17,1564.51,53106.17,1,1
2422,47,1612.42,50298.73,4,1
2423,25,2631.09,91183.44,7,2
2424,58,2742.1,86270.47,3,1
2425,55,2023.61,84545.16,3,1
2426,29,3318.16,102708.51,2,0
2427,48,2022.38,77245.23,4,1
2428,39,2904.63,80573.49,5,1
2429,30,1697.6,65760.45,0,0
2430,55,3633.63,157212.6,3,2
2431,34,3099.09,115198.4,1,1
2432,44,1910.42,69151.6,5,2
2433,36,3004.18,132851.86,1,1
2434,52,2968.79,111471.79,3,1
2435,48,3087.13,93203.53,10,4
2436,55,300.0,10000.0,3,1
2437,28,2503.55,97904.0,3,1
2438,49,2379.61,94491.26,3,3
2439,43,2329.75,72385.2,1,0
2440,25,2152.84,68690.49,2,2
2441,28,2173.47,97417.29,5,2
2442,50,2898.2,78364.53,2,1
2443,57,2377.63,78682.72,3,0
2444,21,2151.83,56483.4,2,0
2445,55,2797.57,115879.6,2,2
2446,47,2292.62,61549.73,4,1
2447,60,2359.5,90793.83,3,1
2448,13,3306.93,86408.88,5,1
2449,55,1695.86,65217.99,3,2
2450,26,939.0,39307.35,1,1
2451,6,2050.65,67623.26,4,1
2452,60,2150.18,76207.83,3,2
2453,13,2505.07,82744.56,1,0
2454,34,2075.12,64349.04,4,3
2455,37,2528.58,103836.96,4,3
2456,43,3753.23,114248.57,3,1
2457,10,2561.06,101056.53,2,0
2458,52,2684.12,78172.17,2,1
2459,27,1909.33,57274.26,3,2
2460,52,1030.32,32691.25,3,2
2461,39,391.32,14394.04,3,1
2462,6,1636.92,55800.18,6,4
2463,60,300.0,11970.87,5,3
2464,60,2359.48,69065.28,7,4
2465,31,1732.03,43670.4,9,2
2466,48,1080.64,43799.48,3,1
2467,15,2091.61,86661.73,4,0
2468,35,1482.96,38838.07,5,2
2469,55,2315.54,86180.24,6,2
2470,23,2495.34,81258.54,4,2
2471,22,1508.72,61673.17,2,0
2472,31,1833.9,77919.41,5,0
2473,13,2150.43,90361.11,2,1
2474,52,1015.07,41155.1,5,2
2475,45,2150.37,65330.34,11,6
2476,54,998.29,41167.15,5,2
2477,17,2396.0,85464.36,1,0
2478,32,1695.39,44173.49,3,0
2479,13,994.42,33948.29,3,3
2480,30,1594.02,69886.8,4,1
2481,51,1623.63,69421.76,3,2
2482,9,2747.96,74319.49,3,2
2483,38,2121.31,84603.35,2,1
2484,6,1330.61,54709.0,6,2
2485,24,3154.35,95979.71,10,8
2486,36,2438.54,83964.34,2,1
2487,21,1764.57,69206.18,5,3
2488,19,912.32,30818.79,1,1
2489,58,1702.78,46410.99,6,2
2490,53,1845.64,72197.13,3,0
2491,10,2258.32,97633.55,4,1
2492,46,2425.08,92273.54,8,3
2493,31,2564.61,103805.09,3,0
2494,33,871.97,28048.97,4,3
2495,7,2145.95,61511.53,3,0
2496,55,1888.27,71481.31,2,1
2497,11,3874.58,122264.14,6,2
2498,14,2045.29,86314.08,3,0
2499,38,1564.14,42939.72,0,0
2500,46,2077.26,69939.78,8,3
2501,30,1994.0,65671.57,4,1
2502,53,607.67,26592.4,7,4
2503,18,2285.81,64146.08,7,0
2504,14,1782.61,44916.29,3,2
2505,58,1981.32,58967.35,4,2
2506,18,1388.5,57491.67,3,1
2507,36,1234.26,36023.65,6,2
2508,46,2615.22,77979.41,7,5
2509,16,2775.92,76609.76,2,1
2510,9,2292.67,90121.89,4,2
2511,39,732.44,19324.36,2,0
2512,43,2338.14,73941.87,2,1
2513,51,742.84,22768.16,3,2
2514,9,1537.18,55497.0,5,3
2515,43,2605.89,103214.98,5,2
2516,24,2460.32,87728.89,2,1
2517,11,2319.88,101194.25,3,0
2518,39,2919.03,128521.62,4,1
2519,23,2392.01,77092.84,3,2
2520,18,586.69,23792.26,4,1
2521,46,1741.33,69263.13,2,1
2522,28,1970.87,84470.27,4,0
2523,24,1888.88,64144.26,2,1
2524,50,1568.01,55835.83,3,2
2525,16,1278.89,42606.87,4,2
2526,6,3680.52,154609.65,2,1
2527,29,1727.88,51134.92,5,2
2528,59,3646.12,108633.2,4,2
2529,12,1201.1,38978.11,3,1
2530,30,2459.94,72831.15,1,0
2531,26,2160.75,78262.62,2,2
2532,20,1354.64,37509.58,3,1
2533,6,1672.71,52529.32,3,2
2534,17,1989.41,86079.52,2,0
2535,12,1409.12,46760.9,5,1
2536,20,1820.7,72763.75,4,1
2537,26,344.57,10000.0,1,1
2538,24,2498.06,74820.16,5,1
2539,34,2859.01,117639.28,0,0
2540,30,2318.05,93324.55,10,3
2541,38,3584.98,117311.75,1,1
2542,54,2477.47,109226.43,3,1
2543,37,2799.97,120994.57,6,2
2544,54,2866.85,126846.86,3,1
2545,40,300.0,10067.49,4,1
2546,49,2296.57,66484.52,4,0
2547,43,1031.95,38732.19,6,1
2548,31,1173.37,45404.0,3,1
2549,16,1295.12,35627.21,5,2
2550,40,1781.1,72543.56,9,5
2551,13,2455.32,62269.92,5,1
2552,51,2303.79,79836.95,9,6
2553,19,1991.19,62962.17,3,1
2554,15,2505.88,99749.15,1,0
2555,7,2548.44,79652.05,4,2
2556,51,2309.84,95941.72,4,2
2557,14,792.85,29255.3,6,2
2558,8,1482.47,60600.09,1,1
2559,26,2018.43,90399.02,8,2
2560,31,2513.42,96975.59,5,4
2561,13,1069.99,47827.68,5,3
2562,53,1992.06,50950.33,4,3
2563,7,904.06,28715.57,0,0
2564,11,2718.14,73816.78,2,1
2565,33,2169.64,65623.24,3,2
2566,58,1057.7,44188.53,2,1
2567,34,1053.09,27008.04,5,2
2568,31,2271.2,80408.87,3,2
2569,30,2962.36,107659.76,5,0
2570,17,1232.25,44635.82,7,3
2571,10,2550.62,88011.64,6,2
2572,39,1620.43,66133.23,2,1
2573,53,2576.24,71286.67,6,3
2574,42,2478.23,77349.49,4,1
2575,20,2108.71,78685.5,8,4
2576,49,715.93,27791.55,0,0
2577,41,2476.83,81940.89,1,0
2578,20,2351.41,99952.53,6,5
2579,48,2287.3,76189.69,0,0
2580,53,2136.97,70638.72,4,1
2581,28,1384.85,35624.06,2,1
2582,11,2758.07,99353.62,4,1
2583,51,2628.7,102975.6,7,1
2584,55,1247.2,34034.66,3,2
2585,49,2920.01,90837.48,3,2
2586,48,2092.17,84994.64,7,0
2587,50,2090.4,67558.23,2,0
2588,26,1876.55,55981.37,4,3
2589,28,1945.4,74789.16,1,0
2590,48,2959.63,85637.4,3,0
2591,60,2723.15,116858.8,4,1
2592,21,2708.29,73427.15,3,3
2593,52,2129.2,83317.52,2,2
2594,58,2622.42,91761.04,3,1
2595,20,1415.98,60035.59,2,0
2596,30,2408.41,66288.84,4,2
2597,41,1892.56,72973.07,1,0
2598,16,558.14,20339.1,3,0
2599,56,889.73,30786.22,2,1
2600,20,1535.91,53493.07,2,0
2601,9,2290.61,90340.52,6,3
2602,26,1536.54,67231.23,1,1
2603,18,1586.22,42550.36,3,1
2604,27,2534.28,64345.57,4,2
2605,24,1611.49,66255.02,1,1
2606,39,2931.57,79631.24,2,1
2607,19,2815.59,125952.27,4,3
2608,9,2015.32,75346.58,2,1
2609,53,2527.42,96085.87,3,1
2610,58,2432.07,70476.07,6,2
2611,57,1828.03,54486.84,1,1
2612,51,2603.14,99406.29,5,2
2613,32,2706.23,116894.41,5,4
2614,34,1333.3,59528.72,3,2
2615,52,2107.48,61034.04,1,1
2616,33,2099.75,58126.18,2,1
2617,40,2594.73,67795.27,3,2
2618,13,1689.3,71568.75,1,0
2619,21,1581.57,48861.42,3,2
2620,47,2118.3,53034.26,4,3
2621,41,2826.95,83328.24,3,1
2622,35,1160.44,36912.1,5,1
2623,23,1282.64,57487.38,7,1
2624,7,1635.65,58017.74,2,1
2625,54,1760.2,51211.63,2,1
2626,18,764.09,24218.94,7,5
2627,9,3048.74,96358.84,3,2
2628,31,1908.79,48472.68,3,3
2629,30,1803.93,49975.38,1,0
2630,35,3135.85,121996.74,3,1
2631,16,2502.46,68579.84,1,1
2632,12,1625.2,48129.93,1,0
2633,36,2115.23,67718.41,2,0
2634,49,1970.78,79136.24,3,1
2635,15,3013.85,110451.47,7,2
2636,44,1882.8,73015.1,2,2
2637,18,990.56,35997.13,3,1
2638,36,685.94,26526.69,5,2
2639,12,3032.61,75987.71,3,2
2640,54,1447.97,63157.49,3,2
2641,47,2469.15,67206.27,6,2
2642,47,2050.23,67913.98,6,5
2643,41,1708.34,69052.48,4,1
2644,25,1818.11,61278.59,4,2
2645,9,3108.36,136571.75,5,1
2646,59,986.36,33883.07,4,1
2647,12,1729.48,73500.86,3,0
2648,59,2634.6,108588.99,6,0
2649,6,1101.8,49161.95,4,2
2650,49,2922.1,127201.72,3,0
2651,50,2624.57,112758.23,1,1
2652,47,2190.26,86804.45,5,4
2653,52,1647.79,53289.47,4,1
2654,18,1011.9,27445.37,3,0
2655,60,2494.93,96735.76,0,0
2656,27,3924.05,174907.07,4,1
2657,59,2102.12,83101.38,2,0
2658,26,721.77,31450.75,7,2
2659,27,2320.26,95330.48,5,1
2660,33,2602.18,73543.69,5,3
2661,14,1357.5,40703.48,2,1
2662,31,1548.14,49288.67,2,1
2663,14,1476.84,41890.74,2,1
2664,20,1628.05,59640.23,6,3
2665,15,1879.49,83654.05,3,1
2666,29,1397.37,56215.01,1,1
2667,47,1134.91,37982.99,2,2
2668,13,2122.06,53242.75,3,1
2669,29,1872.14,58533.32,9,8
2670,21,1694.63,60219.02,6,3
2671,54,2058.23,64803.5,6,3
2672,31,935.88,25475.23,1,1
2673,32,2184.24,73948.17,6,1
2674,42,1709.02,51381.73,5,3
2675,9,2167.64,93608.88,2,1
2676,55,2279.75,61633.37,6,4
2677,29,2791.81,72539.64,1,0
2678,24,2072.07,52021.93,3,0
2679,41,2746.7,86689.78,6,3
2680,44,1774.66,67805.77,2,2
2681,15,1808.08,71614.76,6,2
2682,30,1936.35,65962.22,2,1
2683,23,2541.89,98336.91,2,1
2684,24,2441.67,78617.62,1,1
2685,41,2094.55,80338.83,6,1
2686,15,1140.59,29440.7,4,2
2687,38,2429.14,79712.42,2,2
2688,60,1397.02,57022.02,6,3
2689,55,1358.87,55795.44,4,1
2690,10,1203.06,47307.92,6,3
2691,52,1941.78,56476.28,5,3
2692,54,2848.21,85287.0,3,1
2693,40,1324.25,59487.55,2,1
2694,49,3175.0,85939.59,4,1
2695,39,2636.87,75449.35,1,0
2696,38,974.78,26904.4,4,1
2697,60,1732.06,54651.78,1,1
2698,26,1271.82,37141.76,3,0
2699,22,2465.47,86177.4,1,1
2700,27,1308.29,45162.56,4,2
2701,53,865.22,37230.36,3,0
2702,42,1771.99,45530.98,3,2
2703,20,2818.58,88496.49,1,1
2704,40,1865.24,68889.15,4,1
2705,33,2278.91,84538.55,4,1
2706,12,2306.06,79795.56,4,2
2707,37,941.41,38892.64,4,1
2708,16,1370.44,35980.09,3,1
2709,15,2004.52,82806.43,2,1
2710,14,1609.85,56175.91,3,0
2711,19,3193.12,88370.23,4,0
2712,18,1140.17,48701.45,0,0
2713,30,1363.52,51792.65,1,1
2714,7,2203.38,62291.59,2,0
2715,40,1560.47,40062.06,7,3
2716,12,300.0,10000.0,2,1
2717,26,3354.28,124698.46,7,3
2718,23,1247.99,35674.84,4,2
2719,8,2392.62,70618.95,4,2
2720,47,1122.63,28630.1,4,2
2721,59,1395.88,55079.31,4,1
2722,44,863.95,35600.91,2,1
2723,46,1481.16,60634.38,4,2
2724,54,1549.0,42677.14,11,2
2725,16,1907.2,82135.69,3,2
2726,44,1739.2,66864.62,5,4
2727,29,990.94,42561.27,4,3
2728,51,1633.27,55438.43,4,2
2729,24,3012.91,101652.78,2,1
2730,9,2929.87,119218.69,3,1
2731,31,2318.98,62301.64,5,1
2732,43,2464.17,87274.67,3,2
2733,47,3442.58,143650.72,1,0
2734,37,2399.87,99843.97,5,3
2735,44,2450.93,108141.67,4,2
2736,50,904.79,35255.62,4,1
2737,51,1221.16,35603.38,2,0
2738,41,1977.12,50229.85,1,0
2739,45,1434.79,49626.99,3,1
2740,42,1301.43,45906.79,2,0
2741,38,1382.28,41199.16,2,1
2742,41,1003.5,27590.19,5,1
2743,8,1446.03,53104.27,5,2
2744,14,2237.6,90142.17,4,1
2745,13,3257.43,146138.2,3,1
2746,38,2557.89,102740.24,0,0
2747,11,2445.31,99946.25,5,3
2748,46,863.53,32234.77,5,1
2749,44,2083.51,93171.24,3,2
2750,9,1953.13,73826.54,5,3
2751,18,2203.52,92999.65,4,4
2752,54,1747.52,76743.5,5,3
2753,7,3163.45,137917.63,4,0
2754,10,2036.94,66462.0,5,3
2755,49,2105.16,55940.83,3,1
2756,32,626.29,17810.16,1,0
2757,37,1925.33,50413.66,3,1
2758,26,2804.48,76023.71,5,2
2759,13,2388.9,68544.85,8,4
2760,43,491.09,15627.29,10,4
2761,13,1685.23,60450.44,3,2
2762,55,3212.33,126031.39,2,2
2763,8,1894.55,55356.04,2,2
2764,59,2225.69,85578.82,2,1
2765,49,3133.31,122465.85,0,0
2766,8,1891.77,68429.95,3,0
2767,27,2553.72,109994.78,2,0
2768,11,2287.98,62278.5,2,1
2769,7,2437.6,69575.15,4,3
2770,28,2265.45,76058.66,3,2
2771,49,1616.66,44513.5,0,0
2772,7,1686.54,61265.18,2,1
2773,43,1401.8,46214.45,5,2
2774,22,852.2,26155.76,3,0
2775,40,2871.17,81540.67,3,2
2776,39,2007.06,63637.32,5,1
2777,28,2835.91,105380.19,6,3
2778,35,3095.76,113043.89,2,2
2779,57,2037.39,57602.13,4,2
2780,13,1080.56,29713.6,6,3
2781,27,1862.67,47560.51,5,1
2782,49,1530.2,38635.26,4,2
2783,41,613.89,26149.59,4,1
2784,10,1648.79,42706.59,5,5
2785,18,1949.92,77264.61,2,0
2786,34,1549.67,65767.66,1,0
2787,36,1459.92,39361.09,6,3
2788,52,1105.72,37291.71,3,2
2789,60,2137.15,94560.27,7,3
2790,21,3308.49,137906.98,2,1
2791,47,2895.04,100730.14,3,0
2792,35,2457.54,98919.43,8,3
2793,60,2472.79,103034.96,3,2
2794,21,1907.15,60953.54,3,2
2795,17,736.84,31568.51,1,1
2796,22,1741.4,59920.57,0,0
2797,21,1321.51,46987.65,2,2
2798,17,2108.29,94860.62,2,0
2799,13,2863.25,119873.01,4,3
2800,25,3381.39,109000.35,5,4
2801,8,2045.23,51554.05,2,1
2802,21,832.99,31256.71,2,1
2803,35,2043.87,79871.03,9,3
2804,50,2062.9,78423.29,5,3
2805,28,2475.19,109792.65,3,0
2806,33,1986.56,83951.01,4,1
2807,56,2046.56,69535.31,4,1
2808,45,1557.56,40897.02,6,2
2809,59,1781.67,61505.29,2,1
2810,10,2359.26,91503.72,7,3
2811,25,594.06,22071.87,2,0
2812,45,1777.9,63582.51,2,0
2813,49,2481.53,85306.02,5,2
2814,6,3148.51,97211.0,3,3
2815,35,1721.16,52576.3,4,4
2816,26,2829.76,99054.66,5,1
2817,25,3183.02,89799.47,4,2
2818,11,1730.23,55045.11,9,3
2819,27,1609.25,50658.65,3,2
2820,23,1872.55,68802.38,1,1
2821,13,1942.63,51156.63,4,1
2822,44,2763.58,114946.44,3,1
2823,37,1458.39,52863.18,6,1
2824,38,3076.65,118194.07,8,1
2825,58,1439.47,56228.39,4,2
2826,21,1114.9,34372.09,2,1
2827,17,2366.64,81430.14,5,2
2828,43,2861.39,126258.7,5,2
2829,57,2125.06,85712.35,5,1
2830,39,2304.56,102302.0,4,2
2831,19,3368.01,134468.01,1,0
2832,41,2871.26,81865.29,4,0
2833,38,2021.65,53150.57,7,3
2834,28,1698.2,62074.59,3,1
2835,55,2766.54,88961.63,5,3
2836,50,2580.5,78728.84,5,0
2837,7,2293.0,94343.85,7,3
2838,46,1771.09,57276.83,5,2
2839,26,1946.53,61004.2,3,2
2840,7,1896.74,79662.45,7,2
2841,32,1782.74,74742.78,2,0
2842,14,1579.2,50735.37,1,1
2843,6,2185.64,91031.81,5,3
2844,16,1547.58,65022.43,4,1
2845,8,2124.17,71114.11,6,2
2846,57,530.09,13956.95,4,1
2847,28,1580.09,39552.28,3,2
2848,31,2768.83,98198.92,1,1
2849,9,1369.7,43668.09,3,2
2850,23,2414.47,108512.71,5,3
2851,60,1427.9,57756.07,2,1
2852,11,2543.05,102295.48,3,2
2853,40,1792.02,79036.95,2,0
2854,27,1764.35,75433.77,5,3
2855,48,2038.05,63920.77,4,1
2856,20,1059.6,30007.63,6,3
2857,27,2680.46,106998.33,9,3
2858,42,2912.4,94843.81,3,2
2859,57,1747.98,60241.36,1,1
2860,47,2366.94,89015.88,1,1
2861,17,2545.24,109845.97,4,2
2862,52,1936.12,64631.07,3,0
2863,54,1224.23,49784.83,7,3
2864,47,3115.86,94618.61,6,3
2865,43,1725.23,67214.17,3,0
2866,23,1573.61,39389.85,5,2
2867,50,3147.15,133534.21,3,0
2868,40,2427.04,62150.68,3,2
2869,35,2180.2,85583.96,5,1
2870,29,1320.47,34233.34,5,4
2871,47,2561.96,77691.3,2,2
2872,35,4027.56,140739.36,9,3
2873,19,2616.36,87383.06,3,2
2874,11,2347.26,67687.34,5,1
2875,8,2504.76,79341.68,6,3
2876,21,1770.32,70023.43,6,1
2877,12,1763.64,67697.74,5,2
2878,57,1754.69,46387.45,8,2
2879,19,1597.54,63815.64,6,2
2880,14,1753.29,45692.31,4,1
2881,20,1750.02,62753.32,3,2
2882,26,1828.72,55229.66,3,2
2883,40,1809.13,66492.24,7,3
2884,7,2170.11,65594.93,5,3
2885,32,2055.16,91863.71,3,1
2886,7,2117.15,66043.69,5,2
2887,40,3065.61,91475.34,3,1
2888,23,2053.71,62780.61,3,2
2889,19,3547.62,152297.56,5,3
2890,25,2246.88,84762.25,5,2
2891,23,1686.92,66825.04,5,2
2892,15,2944.71,127683.17,2,0
2893,30,1944.33,84067.91,5,4
2894,7,324.42,12905.12,2,0
2895,30,1997.2,57831.84,5,2
2896,59,1825.58,76432.28,6,3
2897,38,3124.58,90848.88,5,2
2898,41,1371.7,54673.32,4,0
2899,36,1767.14,68409.7,4,2
2900,19,2887.35,116007.21,4,1
2901,6,2276.09,81150.92,0,0
2902,51,1879.98,71015.36,3,1
2903,21,1470.46,64797.88,4,2
2904,59,2246.22,60696.9,4,1
2905,51,1979.49,61714.43,1,0
2906,57,1462.52,54445.42,1,0
2907,8,1498.91,66373.24,3,2
2908,40,1429.87,38479.92,6,2
2909,46,1305.21,33218.91,3,1
2910,11,2653.82,69304.58,2,0
2911,30,2559.58,66672.11,5,2
2912,18,2654.97,114578.82,0,0
2913,58,2003.15,78974.49,6,3
2914,39,1830.16,70538.25,4,2
2915,13,1842.93,65334.64,3,2
2916,26,2714.77,110325.72,6,3
2917,39,725.9,20407.1,3,1
2918,9,1639.86,53851.06,3,1
2919,30,1378.86,47984.38,1,0
2920,20,2951.92,80316.43,1,0
2921,9,1665.78,55620.84,2,1
2922,50,854.81,26781.16,4,2
2923,17,2156.4,55444.5,3,2
2924,37,1740.92,48283.91,5,1
2925,37,1610.15,64858.02,3,0
2926,33,1537.98,39004.28,3,3
2927,18,1510.36,65980.2,3,0
2928,36,2495.99,66714.11,1,0
2929,19,2156.65,88389.83,3,1
2930,25,1861.42,79989.73,3,2
2931,23,1231.23,53955.96,4,0
2932,34,1881.77,79692.29,1,1
2933,11,2182.44,67112.2,3,1
2934,37,2209.06,69942.63,2,1
2935,34,2112.62,70838.05,3,2
2936,48,1354.19,37627.3,2,1
2937,7,317.78,10000.0,1,1
2938,28,3259.73,138155.42,5,2
2939,24,1083.25,39086.6,2,1
2940,36,624.53,23216.54,3,1
2941,56,2091.36,91057.37,2,0
2942,10,804.04,30796.55,2,0
2943,24,1436.64,55766.19,3,2
2944,39,2384.2,97130.62,4,3
2945,15,3240.88,88563.46,4,1
2946,30,2271.26,73141.88,3,1
2947,7,1692.59,75090.27,4,0
2948,16,1964.01,85352.97,3,0
2949,55,733.99,31327.79,2,2
2950,36,1684.47,57342.46,1,0
2951,20,1685.15,71018.85,3,0
2952,14,2107.33,54722.97,3,1
2953,28,3359.53,93967.3,2,1
2954,24,644.24,21440.0,5,0
2955,14,1714.63,59442.37,1,0
2956,40,716.54,21689.87,8,4
2957,26,1647.65,52938.07,3,0
2958,14,1394.78,39410.19,5,2
2959,33,953.96,33181.2,3,1
2960,51,2639.16,107880.77,5,1
2961,56,2178.95,83295.3,6,1
2962,12,2557.1,69440.18,2,2
2963,21,1627.84,56570.18,2,1
2964,21,1950.5,75977.63,3,2
2965,38,3116.25,110931.92,5,2
2966,9,1998.1,65604.5,2,1
2967,9,2565.57,96050.53,3,0
2968,44,1567.78,69566.77,3,2
2969,45,2501.21,67278.0,3,0
2970,22,1615.76,52997.33,6,3
2971,42,672.5,22281.49,7,5
2972,44,1994.69,72884.74,2,1
2973,57,1670.79,46854.72,1,1
2974,34,862.65,24613.96,1,0
2975,57,2134.04,65530.61,1,0
2976,41,1374.53,60640.76,7,2
2977,43,4164.85,165270.25,4,2
2978,44,974.89,37273.83,2,1
2979,55,1150.95,47579.4,3,1
2980,42,2608.69,71873.28,5,1
2981,57,1906.88,80445.09,5,1
2982,40,2594.44,95726.22,2,2
2983,12,2266.27,71855.79,3,3
2984,32,1592.39,65792.74,3,1
2985,33,1034.64,42473.12,3,1
2986,27,2749.76,115253.84,7,5
2987,19,1098.08,29989.09,1,1
2988,12,2391.23,106140.25,2,0
2989,42,2643.3,116814.06,3,1
2990,27,1911.16,61442.55,3,1
2991,10,1787.1,47032.6,2,1
2992,60,1311.39,37166.3,2,1
2993,7,2323.92,104243.18,7,4
2994,32,300.0,10878.08,2,1
2995,26,2501.01,80363.49,3,0
2996,59,2083.63,64101.01,5,3
2997,43,1844.03,55578.73,6,3
2998,20,2169.61,83059.36,3,2
2999,26,1038.51,34673.54,2,1
3000,15,310.91,13775.65,2,0
